DialogId,DialogItemId,Description,RequiredPlayerStat,PlayerStatInfluence,BranchA_ItemID,BranchA_Name,BranchA_OpensInventory,BranchA_NewState,BranchA_NextEventId,BranchB_ItemID,BranchB_Name,BranchB_OpensInventory,BranchB_NewState,BranchB_NextEventId,BranchC_ItemID,BranchC_Name,BranchC_OpensInventory,BranchC_NewState,BranchC_NextEventId
string,string,String,nuem,int,string,string,Bool,string,string,string,string,Bool,string,string,string,string,Bool,string,string
대화  ID,화면에 스폰되는 아이템,시나리오,,,필요 아이템,버튼에 등장할 문구,가방 열림 이벤트가 있는지,추가되는 상태,a를 눌렀을때 이동하는 다음 대사,필요 아이템,b 버튼에 뜨는 문구 ,가방 열림 이벤트가 있는지,추가되는 상태,b를 눌렀을때 이동하는 다음 대사,필요 아이템,c 버튼에 뜨는 문구 ,가방 열림 이벤트가 있는지,추가되는 상태,b를 눌렀을때 이동하는 다음 대사
O001-01,,"캬— 한숨 푹 잤더니 개운하다! 역시 수업 빼먹고 자는 낮잠이 최고지. …어라? 체육창고 문이 잠겼네? 누가 날 가둔 거야, 뭐야?",,,,"에잇, 힘으로 밀어버린다!",FALSE,,O001-02,,"음, 문 부술 만한 거 없나 둘러본다",FALSE,,O001-03,,,,,
O001-02,,"끄응— 꿈쩍도 안 한다. 문이 나보다 세다니, 이거 좀 자존심 상하는데?",,,,한 번 더! 이번엔 진심이다,FALSE,,O001-02,,역시 맨몸은 무리. 도구를 찾자,FALSE,,O001-03,,,,,
O001-03,,"자, 뭐가 좋을까? 창고엔 별별 게 다 굴러다닌단 말이지.",,,,빠루로 가볼까,FALSE,,O001-04,,드라이버로 해볼까,FALSE,,O001-05,,소화기로… 되려나?,FALSE,,O001-06
O001-04,,"콰직! 빠루로 문을 부숴버렸다! …이거 나중에 선생님한테 혼나는 거 아냐? 에이, 일단 탈출이 먼저지!",,,,좋았어! 밖으로 고고,FALSE,,O001-07,,,,,,,,,,
O001-05,,"드라이버를 틈에 쓱— 쑤셔 넣고 살살… 철컥! 오, 나 혹시 천재인가? 열렸다!",,,,좋았어! 밖으로 고고,FALSE,,O001-08,,,,,,,,,,
O001-06,,"소화기가 문에 퉁— 튕겨만 나온다. 하하, 이걸로 될 리가 없잖아. 나 지금 뭐 한 거지?",,,,다시 골라보자,FALSE,,O001-03,,,,,,,,,,
O001-07,TOO001,그나저나 이 빠루… 그대로 두고 가면 딱 봐도 내가 범인인데?,,,,증거인멸! 슬쩍 주머니로,TRUE,,O001-09,,,,,,,,,,
O001-08,TOO002,그나저나 이 드라이버… 두고 가면 영락없이 내가 범인 되겠지?,,,,증거인멸! 슬쩍 주머니로,TRUE,,O001-09,,,,,,,,,,
O001-09,,"복도로 나왔는데… 어라, 아무도 없네? 종소리도, 발소리도, 떠드는 애들도 없다. 이 학교가 이렇게 조용한 적이 있었나? 좀 으스스한데.",,,,일단 교실로 가볼까,FALSE,,O001-10,,복도부터 슬쩍 둘러볼까,FALSE,,O001-10,,,,,
O001-10,,"전자칠판도, 컴퓨터도, CCTV도… 죄다 박살나 있다. 우연이 아니야, 누가 작정하고 깬 거다. 벽엔 검은 글씨로 누가 휘갈겨 놨다. ""전자기기를 믿지 마."" ""절대 들키지 마."" …뭐야 이거, 갑자기 등골이 서늘하네.",,,,Empty,FALSE,,O001-11,,,,,,,,,,
O001-11,,"꼬르륵—! 아 맞다, 한참 잤더니 배가 등가죽에 붙겠다. 그 순간, 화면에 못 보던 경고 아이콘이 깜빡 뜬다. 아하, 배가 고파지면 이렇게 신호가 뜨는구나! 배고픔이든 목마름이든 체력이든, 위험해지면 아이콘이 알려준다는 거지. 무시하고 버티다간 게임 오버니까 — 신호가 뜨면 바로 챙기자!",배고픔,-2,,Empty,FALSE,,O001-12,,,,,,,,,,
O001-12,RES001,"오, 복도에 빵이 떨어져 있다! 누가 흘리고 갔나? 이런 게 바로 굴러들어온 행운이지.",,,,마침 배고팠는데! 냉큼 줍줍,TRUE,,O001-13,TOO002,(드라이버로) 푹— 찔러보고 싶다,FALSE,,O001-14,,,,,
O001-13,,"먹는 법은 간단해. 가방을 열고 → 먹을 걸 클릭 → '소비' 버튼! 그럼 바로 냠냠, 배가 든든해지면서 아까 그 경고 아이콘도 쏙 사라진다. 쉽지?",,,,Empty,FALSE,,O001-13B,,,,,,,,,,
O001-14,,"푹… 푹… 히히, 빵 찌르기 생각보다 재밌는데? …아니, 지금 이럴 때가 아니지.",,,,그만 장난치고 가자,FALSE,,O001-15,,,,,,,,,,
O001-15,,"복도 끝에서 — 저벅. 저벅. 묵직한 쇳소리. 우와, 저게 뭐야? 사람 키만 한 시커먼 로봇이 모퉁이를 돌아 나온다. 가슴팍 빨간 센서가 스윽— 돌아가는 순간, 방금까지의 호기심이 쏙 들어간다. …저거, 절대 친구는 아닌 것 같은데.",,,,Empty,FALSE,,O001-16,,,,,,,,,,
O001-16,,"본능이 외친다 — 들키면 끝이라고. 이건 맞서 싸우는 게임이 아니야. 숨고, 피하고, 살아남는 거다. 명심하자.",,,,재빨리 사물함 뒤로 숨는다,FALSE,,O001-17,,(겁도 없이) 그냥 서서 지켜본다,FALSE,,O001-18,,,,,
O001-17,,"사물함 뒤에 찰싹 붙어 숨을 꾹 참는다. 발소리가 점점, 점점 커지더니… 휴, 다시 멀어진다. 살았다! 심장 떨어지는 줄.",,,,Empty,FALSE,,O001-19,,,,,,,,,,
O001-18,,"멀뚱멀뚱 서 있었더니 빨간 센서가 휙— 날 향한다. 삐—! 경고음! 으악, 몸을 날려 모퉁이로 굴렀다. …방금 진짜 큰일 날 뻔했다. 호기심도 적당히 부려야지.",hp,-3,,Empty,FALSE,,O001-19,,,,,,,,,,
O001-19,,"심장이 쿵쿵쿵 난리다. 긴장했더니 입이 바싹바싹. 확실히 알겠다 — 저 로봇들은 무조건, 무조건 피하는 게 답이야. 메모 완료.",목마름,-2,,Empty,FALSE,,O001-20,,,,,,,,,,
O001-20,,"오호, 복도 끝 사물함 하나가 자물쇠로 꽁꽁 잠겨 있다. 굳이 잠가뒀다는 건… 안에 좋은 게 있다는 뜻 아닐까? 궁금해 죽겠다.",,,,일단 맨손으로 끙차,FALSE,,O001-21,TOO001,빠루로 콰직!,FALSE,,O001-22,TOO002,드라이버로 살살 딴다,FALSE,,O001-23
O001-21,,끄응— 맨손으론 어림도 없다. 손가락만 아프네. 역시 연장이 있어야겠어.,,,,Empty,FALSE,,O001-20,,,,,,,,,,
O001-22,RES002,"빠루를 쑤셔 넣고 힘껏— 쾅! 열렸다! …앗. 소리. 너무 컸나? 시끄러운 도구는 시원하긴 한데 들킬 위험도 크다는 거, 기억해 두자. 안에는 캔음료가 쏙.",,,,캔음료 줍줍!,TRUE,,O001-24,,,,,,,,,,
O001-23,RES002,"드라이버 끝을 자물쇠 틈에 살살… 철컥. 오, 조용히 열렸다! 역시 조용한 도구는 들킬 걱정이 적지. 안에는 캔음료가 얌전히 기다리고 있다.",,,,캔음료 줍줍!,TRUE,,O001-24,,,,,,,,,,
O001-24,,"음료도 똑같아. 클릭하고 '소비' 버튼! 꿀꺽꿀꺽— 목이 시원해지면서 목마름 경고 아이콘이 쏙 사라진다. 캬, 살 것 같다!",,,,Empty,FALSE,,O001-25,,,,,,,,,,
O001-25,,"복도 안쪽엔 굳게 잠긴 교실 문도 보인다. 음, 저런 덴 분명 어딘가 열쇠가 따로 있겠지? 왠지 보물찾기 같아서 좀 설레는데.",,,,Empty,FALSE,,O001-26,,,,,,,,,,
O001-26,,"좋아, 기본기는 다 익혔다! 이제 어디부터 쑤시고 다닐지는 내 맘이지. 규칙은 딱 두 개 — 들키지 말 것, 굶지 말 것. 자, 모험 시작해 볼까!",,,,"학교 탐험, 출발!",FALSE,,Done,,,,,,,,,,
O001-13B,,"참, 가방은 칸이 정해져 있어. 짐이 꽉 차면 곤란하니까 필요 없는 건 정리하자. 버릴 물건은 가방 칸 바깥으로 쓱— 끌어다 놓으면(드래그 앤 드롭) 툭 버려진다. 간단하지?",,,,"오케이, 계속 가자!",FALSE,,O001-15,,,,,,,,,,
S001-01,,"1-1반. 쉬는 시간마다 친구들이랑 떠들던 우리 반이다. 근데 지금은 책상이 죄다 문 쪽으로 밀려서 바리케이드가 돼 있네. 누가, 왜 이렇게까지 했을까? 안 궁금할 수가 없잖아.",,,,교실 안을 샅샅이 뒤져본다,FALSE,,S001-02,,창가로 가서 밖을 살핀다,FALSE,,S001-05,,,,,
S001-02,RES003,"서랍을 뒤지니 통조림 하나가 데구르르— 오, 횡재! 그 옆엔 구겨진 종이도 한 장 끼어 있다. 뭐지?",,,,"통조림이랑 종이, 둘 다 챙긴다",TRUE,,S001-03,,,,,,,,,,
S001-03,,"구겨진 종이를 살살 펼쳐본다. ""그날 방송이 갑자기 끊겼다. 선생님은 흩어지라고 했다. 다들 어디로 간 걸까."" …흩어지라니. 무슨 일이 있었던 거야.",,,,Empty,FALSE,,S001-04,,,,,,,,,,
S001-04,,책상 위엔 친구들이랑 찍은 사진이 그대로다. 다들 활짝 웃고 있는데… 정작 교실엔 아무도 없다. 좀 쓸쓸한걸.,,,,Empty,FALSE,,Done,,,,,,,,,,
S001-05,,"창가에서 운동장을 슬쩍 내려다본다. 어라, 길쭉한 그림자 하나가 스윽 가로지르네? …로봇이다. 나도 모르게 몸이 쏙 낮아진다. 본능 살아 있네.",,,,숨 고르고 교실을 마저 살핀다,FALSE,,S001-04,,,,,,,,,,
S002-01,,"1-2반. 오, 칠판에 큼지막한 분필 화살표가 그려져 있다. 가리키는 쪽은… 복도 안쪽, 과학실 방향인데? 게다가 교탁 아래엔 자물쇠로 꽁꽁 잠긴 철제 상자. 수상하다, 수상해. 안 열어볼 수가 없지.",,,,일단 맨손으로 낑낑,FALSE,,S002-02,TOO001,빠루로 콰직!,FALSE,,S002-03,TOO002,드라이버로 살살 딴다,FALSE,,S002-04
S002-02,,"끄응— 자물쇠는 꿈쩍도 안 하고, 까진 건 내 손톱뿐이다. 아야. 역시 맨손은 무리, 연장이 필요해.",hp,-2,,Empty,FALSE,,S002-01,,"에잇, 포기하고 그냥 나간다",FALSE,,Done,,,,,
S002-03,KEY001,"빠루를 끼우고 으랏차— 쾅! 상자가 시원하게 부서진다. …앗, 소리가 교실 밖까지 울린 것 같은데? 안에는 '과학실'이라 적힌 낡은 열쇠다. 빙고!",,,,과학실 열쇠 챙긴다,TRUE,,S002-05,,,,,,,,,,
S002-04,KEY001,"드라이버 끝을 자물쇠 틈에 쏙 넣고 천천히… 철컥. 오, 소리 없이 열렸다! 안에는 '과학실'이라 적힌 낡은 열쇠. 깔끔하게 성공.",,,,과학실 열쇠 챙긴다,TRUE,,S002-05,,,,,,,,,,
S002-05,,과학실 열쇠를 손에 꼭 쥔다. 칠판 화살표가 가리키던 그곳! 이제 그 문을 열 수 있겠어. 뭐가 기다리고 있을까?,,,,Empty,FALSE,,Done,,,,,,,,,,
S003-01,,1-3반. 바닥에 깨진 유리가 잔뜩 흩어져 있다. 다들 엄청 급하게 떠난 모양인데… 발밑 조심해야겠다.,,,,조심조심 안쪽을 살핀다,FALSE,,S003-02,,대충 훑고 빨리 나온다,FALSE,,S003-03,,,,,
S003-02,RES001,"유리를 살살 피해 들어가니, 사물함 위에 빵 하나가 떡하니! 칠판엔 누가 휘갈겨 놨다. ""방송실에 답이 있다."" …방송실? 메모, 메모.",,,,빵 줍줍!,TRUE,,S003-04,,,,,,,,,,
S003-03,,"급하게 움직이다 그만 유리를 콱— 밟았다. 아야야, 발바닥 따가워. 게다가 건진 것도 없네. 서두르면 손해라니까.",hp,-2,,Empty,FALSE,,Done,,,,,,,,,,
S003-04,,빵을 주머니에 쏙. 방송실이라… 잊지 말고 기억해 두자. 여긴 이제 볼 거 다 봤다.,,,,Empty,FALSE,,Done,,,,,,,,,,
S004-01,,1학년 복도. 형광등 하나가 깜빡… 깜빡… 힘이 하나도 없네. 부서진 바리케이드 잔해가 바닥에 잔뜩 널려 있다. 어쩐지 발소리를 자꾸 죽이게 된다.,,,,벽을 따라 천천히 살핀다,FALSE,,S004-02,,그냥 빠르게 가로지른다,FALSE,,S004-04,,,,,
S004-02,,"벽에 누가 칼로 박박 그어 쓴 글이 있다. ""3층 위로는 가지 마. 거기서 다들 잡혔어."" …3층 위. 등골이 살짝 서늘해진다.",,,,Empty,FALSE,,S004-03,,,,,,,,,,
S004-03,RES006,"복도 중간, 사물함 위에 과자 한 봉지가 얌전히 놓여 있다. 이런 게 또 눈에 잘 띈단 말이지.",,,,과자 줍줍!,TRUE,,S004-05,,,,,,,,,,
S004-04,,"빠르게 내달리다 모퉁이에서 순찰 로봇이랑 정면으로— 헉! 반사적으로 사물함 뒤로 몸을 날린다. 쿵, 어깨를 세게 부딪혔다. 아, 진짜 큰일 날 뻔. 급할수록 천천히.",hp,-2,,Empty,FALSE,,S004-05,,,,,,,,,,
S004-05,,"복도는 길고, 어딜 봐도 텅 비어 있다. 여긴 더 볼 게 없네.",,,,Empty,FALSE,,Done,,,,,,,,,,
S005-01,,"급식실. 으, 넓고 뻥 뚫려서 숨을 데가 없다. 순찰 로봇 하나가 일정한 간격으로 홀을 왔다 갔다 한다. 박자만 잘 읽으면… 가능할지도?",,,,순찰 틈을 노려 한 방에 챙긴다,FALSE,,S005-02,,주방 안쪽까지 깊이 들어간다,FALSE,,S005-03,,,,,
S005-02,RES005,"로봇이 멀어진 틈! 재빨리 손을 뻗는다. 선반에 라면이 몇 개 남아 있네. 욕심은 금물, 딱 챙길 만큼만 챙기고 빠진다. 나 좀 프로 같은데?",,,,라면 챙긴다,TRUE,,S005-05,,,,,,,,,,
S005-03,RES006,"주방 안쪽에 과자 봉지가 굴러다닌다. 옳지, 하고 손을 뻗는 순간— 발끝이 식판을 툭. 쨍그랑—! …아. 망했다.",,,,과자만 잽싸게 챙기고 숨는다,TRUE,,S005-04,,,,,,,,,,
S005-04,,"저벅, 저벅— 발소리가 곧장 이쪽으로 온다. 조리대 밑으로 잽싸게 기어들어가 숨을 꾹 참는다… 하나, 둘, 셋… 한참 뒤에야 발소리가 멀어진다. 휴, 식은땀이 줄줄. 심장에 안 좋아 이거.",hp,-2,,Empty,FALSE,,S005-05,,,,,,,,,,
S005-05,,급식실은 너무 위험해. 여긴 오래 있을 곳이 못 되겠다.,,,,Empty,FALSE,,Done,,,,,,,,,,
S006-01,,"화장실. 거울이 와장창 깨져서 바닥에 흩어져 있고, 퀴퀴한 냄새가 코를 찌른다. 으… 그래도 혹시 모르니 둘러는 보자.",,,,세면대 수도를 살핀다,FALSE,,S006-02,,안쪽 칸을 하나씩 열어본다,FALSE,,S006-03,,,,,
S006-02,,"수도꼭지를 틀어보니 녹물만 찔끔… 찔끔… 끊긴다. 으악, 괜히 더 목마르잖아. 안 트는 게 나았어.",목마름,-3,,Empty,FALSE,,S006-04,,,,,,,,,,
S006-03,,"제일 안쪽 칸은 안에서 문을 잠갔던 흔적이 있다. 바닥엔 휘갈긴 메모. ""혼자 다녀. 같이 다니면 들켜."" …혼자 다니라고. 새겨듣자.",,,,Empty,FALSE,,S006-04,,,,,,,,,,
S006-04,,여기서 누군가 꽤 오래 버텼던 모양이다. 근데 지금은… 아무도 없네.,,,,Empty,FALSE,,Done,,,,,,,,,,
S007-01,,보건실. 약장이 절반쯤 텅 비었다. 침대 시트엔… 거뭇한 핏자국. 여기서 무슨 일이 있었던 게 분명하다. 침을 꿀꺽 삼킨다.,,,,약장을 뒤진다,FALSE,,S007-02,,침대 쪽을 살핀다,FALSE,,S007-03,,,,,
S007-02,RES007,약장 구석에 응급약 한 통이 데구르르. 누가 미처 못 챙기고 간 모양이다. 이건… 고맙게 받을게.,,,,응급약 챙긴다,TRUE,,S007-04,,,,,,,,,,
S007-03,,"침대 옆 차트에 누가 휘갈겨 놨다. ""다친 애들이 너무 많아. 더는 못 버텨."" …글씨가 떨리고 있다.",,,,Empty,FALSE,,S007-04,,,,,,,,,,
S007-04,,"사람들은 끝까지 서로를 돌봤던 것 같다. 그러다 어느 순간… 전부 사라졌다. 어디로 갔을까, 다들.",,,,Empty,FALSE,,Done,,,,,,,,,,
S008-01,,"도서관. 책장 사이에 누가 오래 지낸 흔적이 있다. 침낭에, 빈 통조림에, 여기저기 흩어진 학교 기록들까지. 오, 단서 냄새가 솔솔 나는데?",,,,바닥의 기록부터 읽어본다,FALSE,,S008-02,,책장 안쪽으로 더 들어간다,FALSE,,S008-03,,,,,
S008-02,,"흩어진 출력물을 차곡차곡 맞춰 읽는다. 아하 — 바깥세상이 먼저 무너졌고, 학교는 고립된 채로 한동안 스스로 버텼던 거구나. 퍼즐이 한 조각 맞춰지는 기분이야.",,,,Empty,FALSE,,S008-04,,,,,,,,,,
S008-03,,"책장 사이에서 부스럭— 인기척! 또래 학생 하나가 잔뜩 경계하며 날 본다. ""…너, 명부에 없는 얼굴인데. 오래는 못 있어. 정보 줄게, 대신 먹을 거."" 오, 거래 제안이다.",,,RES003,통조림 주고 정보를 듣는다,FALSE,,S008-05,,"관심 없다, 그냥 보낸다",FALSE,,S008-04,,,,,
S008-04,,책장 사이를 더 뒤져봐도 쓸 만한 건 없네. 이만 나가자.,,,,Empty,FALSE,,Done,,,,,,,,,,
S008-05,,"통조림을 건네자 그가 목소리를 확 낮춘다. ""옥상으로 간 사람들이 있었어. 다들 거기로 갔지. 근데 그 문이 잠겨서… 아무도 못 나갔어."" 그러곤 어둠 속으로 스윽 사라진다. …옥상. 또 옥상이네.",,,,Empty,FALSE,,Done,,,,,,,,,,
S009-01,,"과학실. 으윽, 약품 냄새가 코를 팍 찌른다. 실험 장비는 누가 일부러 부순 것처럼 죄다 박살. 근데 말이야 — 안 부순 게 있다면, 분명 어딘가 꼭꼭 숨겨놨을걸?",,,,실험대랑 기록을 살핀다,FALSE,,S009-02,,캐비닛을 열어본다,FALSE,,S009-03,,,,,
S009-02,,"과학부 기록이 남아 있다. ""전자기기를 전부 부쉈다. 그것들이 우리를 본다."" 아… 그래서 다들 멀쩡한 기기를 제 손으로 깨뜨린 거구나. 무서웠겠다, 정말.",,,,Empty,FALSE,,S009-04,,,,,,,,,,
S009-03,TOO003,역시! 캐비닛 안쪽에 약품 몇 통이 꼭꼭 숨겨져 있다. 이거 잘만 쓰면 시야를 가리는 연막이 되겠는걸? 머리 좀 쓰면 요긴하겠어.,,,,화학약품 챙긴다,TRUE,,S009-04,,,,,,,,,,
S009-04,,"이 방에서 많은 걸 알게 됐다. 학교는 그냥 맥없이 무너진 게 아니었어. 끝까지, 제대로 싸웠던 거다.",,,,Empty,FALSE,,Done,,,,,,,,,,
S010-01,,체육관. 내가 쿨쿨 자고 있던 바로 그곳이다. 새삼 반갑네. 매트 뒤 구석은 몸 숨기기 딱 좋다 — 여긴 왠지 마음이 좀 놓인다.,,,,구석에서 잠깐 숨을 돌린다,FALSE,,S010-02,,창고 안쪽을 더 뒤진다,FALSE,,S010-03,,,,,
S010-02,,안전한 구석에 몸을 푹 기댄다. 잠깐이지만 긴장이 스르르 풀린다. 후우— 이제 좀 살 것 같다.,hp,5,,Empty,FALSE,,S010-04,,,,,,,,,,
S010-03,RES004,창고 구석을 뒤지니 마개까지 멀쩡한 물병 하나가 짠— 등장. 운 좋은데?,,,,물병 챙긴다,TRUE,,S010-04,,,,,,,,,,
S010-04,,여긴 위험할 때 돌아와서 숨 고르기 딱 좋은 곳이야. 내 비밀 아지트로 찜! 기억해 두자.,,,,Empty,FALSE,,Done,,,,,,,,,,
S011-01,,2-1반. 한 층 올라왔을 뿐인데 공기가 묘하게 다르다. 칠판엔 이름이 줄줄이 적혀 있는데… 절반쯤엔 줄이 쫙쫙 그어져 있다. 이게 무슨 의미일까? 안 좋은 예감이 드는데.,,,,칠판의 이름들을 읽어본다,FALSE,,S011-02,,곧장 교탁부터 뒤진다,FALSE,,S011-03,,,,,
S011-02,,"줄 그어진 이름 옆에 작게 적혀 있다. ""줄 그은 애들은… 끌려갔어."" …끌려갔다고. 그냥 사라진 게 아니었어. 등골이 오싹하다.",,,,교탁을 뒤져본다,FALSE,,S011-03,,,,,,,,,,
S011-03,KEY002,"교탁 서랍 안쪽에서 방송부 완장이랑 같이, '방송실' 이름표가 달린 열쇠 발견! 오, 이거 찾던 거잖아.",,,,방송실 열쇠 챙긴다,TRUE,,S011-04,,,,,,,,,,
S011-04,,"""방송실에 답이 있다""던 그 말이 딱 떠오른다. 좋아, 방송실로 가보자. 답이 뭔지 궁금해 죽겠어.",,,,Empty,FALSE,,Done,,,,,,,,,,
S012-01,,2-2반. 사물함 몇 개가 활짝 열린 채 텅 비어 있다. 청소도구함 문도 살짝 빼꼼. 어느 쪽부터 털어볼까?,,,,사물함부터 살핀다,FALSE,,S012-02,,청소도구함을 살핀다,FALSE,,S012-03,,,,,
S012-02,RES003,열린 사물함 저 깊숙한 곳에 통조림 하나가 숨어 있다. 손 뻗어서 쏙— 득템!,,,,통조림 챙긴다,TRUE,,S012-04,,,,,,,,,,
S012-03,,"청소도구함 안쪽, 누가 숨어 지낸 흔적이 있다. 벽엔 손톱으로 박박 새긴 메모. ""방송이 멈춘 뒤로, 매일 한 명씩 사라졌다."" …매일 한 명씩. 읽기만 해도 오싹하다.",,,,Empty,FALSE,,S012-04,,,,,,,,,,
S012-04,,교실 하나하나가 마지막 날을 그대로 박제해 둔 것 같다. 마음이 묵직해진다. 조용히 나가자.,,,,Empty,FALSE,,Done,,,,,,,,,,
S013-01,,"2-3반. 사물함이 전부 열린 채 텅텅 비었다. 그때, 구석에서 목소리가 난다. ""거기… 너 멀쩡해 보이는데. 나 다쳤어. 약 좀 나눠줄 수 있어?"" 오, 다친 사람인가? 어쩌지.",,,RES007,응급약을 건넨다,FALSE,,S013-02,,"왠지 수상해, 거절한다",FALSE,,S013-03,,,,,
S013-02,,"약을 내미는 순간— 휙! 그가 약을 낚아채 냅다 달아난다. ""고맙다—!"" 멀어지는 발소리. …아, 당했다. 응급약을 그대로 털렸어. 으, 분하다.",,,,Empty,FALSE,,S013-04,,,,,,,,,,
S013-03,,"""…쳇."" 그는 입맛을 쩝 다시더니 어둠 속으로 사라진다. 벽에서 본 그 말이 딱 떠오른다 — 혼자 다녀. 의심한 보람이 있네.",,,,Empty,FALSE,,S013-04,,,,,,,,,,
S013-04,,"여기선 다들 살아남으려고 서로를 속인다. 씁쓸하지만… 누구도 쉽게 믿어선 안 되겠어. 명심, 또 명심.",,,,Empty,FALSE,,Done,,,,,,,,,,
S014-01,,"2학년 복도. 바리케이드 흔적이 제일 짙게 남은 곳이다. 여기서 크게 한판 붙었던 모양. 저 끝에선 순찰 로봇 하나가 느릿느릿 왔다 갔다 한다. 신중, 신중하게.",,,,바리케이드 뒤에서 순찰을 살핀다,FALSE,,S014-02,,반대편으로 빠르게 빠진다,FALSE,,S014-03,,,,,
S014-02,,"숨죽인 채 순찰 박자를 센다. 하나, 둘… 옳지, 패턴이 보인다! 안전한 틈을 노려 사뿐 통과. 근데 위층으로 갈수록 로봇이 점점 늘어나는 느낌이야. 긴장 늦추면 안 되겠다.",,,,Empty,FALSE,,S014-04,,,,,,,,,,
S014-03,,"빠르게 빠지다가 하마터면 센서에 딱 걸릴 뻔! 경고음이 울리기 직전, 모퉁이로 몸을 던진다. 쿵— 무릎을 세게 찧었다. 으윽… 그래도 안 걸린 게 어디야.",hp,-3,,Empty,FALSE,,S014-04,,,,,,,,,,
S014-04,,위층은 확실히 더 위험하다. 함부로 올라갔다간 큰일 나겠어. 차근차근 가자.,,,,Empty,FALSE,,Done,,,,,,,,,,
S015-01,,"방송실. 오, 콘솔에 빨간 불 하나가 아직 깜빡깜빡 살아 있다! 헤드셋에선 지직— 잡음이 흐르고. 뭔가 남아 있는 것 같은데?",,,,마지막 방송 로그를 들어본다,FALSE,,S015-02,,콘솔 서랍부터 살핀다,FALSE,,S015-03,,,,,
S015-02,,"마지막 방송이 지직거리며 흘러나온다. ""전원 옥상으로 대피한다. 반복한다, 옥상으로—"" 그리고 잡음. …역시. 다들 옥상으로 향했던 게 분명해.",,,,콘솔 서랍을 살핀다,FALSE,,S015-03,,,,,,,,,,
S015-03,KEY003,"콘솔 서랍에서 '컴퓨터실' 열쇠를 찾았다! 그 옆엔… 비상 방송 스위치가 아직 살아 있네. 오, 이거 누르면 어떻게 될까? (누르고 싶다)",,,,"참는다, 스위치는 그대로 둔다",FALSE,,S015-05,,"에라 모르겠다, 켜본다",FALSE,,S015-04,,,,,
S015-04,,"스피커가 끼이익— 울린다. 헉. 멀리서 발소리가 우르르 모이는 소리가… 내 위치가 들통났을지도 몰라! 황급히 스위치를 끈다. 호기심도 정도껏 부려야지, 정말.",,,,Empty,FALSE,,S015-05,,,,,,,,,,
S015-05,,"컴퓨터실 열쇠를 손에 꼭 쥔다. 좋아, 다음 목적지는 컴퓨터실!",,,,Empty,FALSE,,Done,,,,,,,,,,
S016-01,,"컴퓨터실. 모니터는 죄다 와장창 깨졌는데… 어라? 책상 밑에 숨겨둔 단말기 하나만 멀쩡하다. 일부러 살려둔 거잖아, 이거. 수상하다.",,,,살아 있는 단말기를 들여다본다,FALSE,,S016-02,,캐비닛을 뒤진다,FALSE,,S016-03,,,,,
S016-02,,"단말기 화면의 마지막 기록. ""학교는 통제 노드가 봉쇄 중. 옥상 문 = 물리 잠금 + 전자 잠금(노드 연동). 명부에 없는 자는 추적 불가."" …옥상이 이중으로 잠겨 있다고? 게다가 명부에 없으면 추적이 안 된다니. 잠깐, 그거 나잖아?",,,,캐비닛을 뒤진다,FALSE,,S016-03,,,,,,,,,,
S016-03,KEY004,캐비닛 안쪽에서 '교무실' 열쇠 획득! 교무실이라면… 뭔가 마스터 권한 같은 게 있을 것 같은데?,,,,교무실 열쇠 챙긴다,TRUE,,S016-04,,,,,,,,,,
S016-04,,"옥상은 열쇠 하나로는 어림없겠어. 전자 잠금까지 풀어야 한다 이거지. 좋아, 교무실로 가보자!",,,,Empty,FALSE,,Done,,,,,,,,,,
S017-01,,"교무실. 그토록 굳게 잠겨 있던 문을 드디어 연다. 선생님들 자리는… 다들 그대로 비어 있다. 구석에선 출석 단말기가 비상 전원으로 깜빡, 깜빡. 왠지 숨을 죽이게 된다.",,,,조심히 안으로 들어간다,FALSE,,S017-02,,,,,,,,,,
S017-02,,"출석 명부를 한 줄, 한 줄 넘겨본다. 우리 반, 내 번호… 어라, 내 이름이 없다. 아 맞다 — 그날 수업 빼먹고 창고에서 자고 있었으니까. 명부에 없으니 AI의 추적 명단에도 없는 거다. 그래서… 나만 살아남은 거였어. 등골이 서늘하면서도, 묘하게 가슴이 먹먹하다.",,,,Empty,FALSE,,S017-03,,,,,,,,,,
S017-03,,"마스터 열쇠 캐비닛을 연다. 다른 열쇠는 죄다 제자리인데 — '옥상' 칸만 휑하니 비어 있다. 누가 마지막 순간에 가져간 거야. 어디로 갔을까, 그 열쇠는.",,,,Empty,FALSE,,S017-04,,,,,,,,,,
S017-04,,"길은 두 갈래다. 사라진 옥상 열쇠를 찾거나, 아니면 전자 잠금을 풀 통제실을 꺼버리거나. 어느 쪽이든 — 결국 위층으로 올라가야 한다는 거지. 각오, 단단히 하자.",,,,Empty,FALSE,,Done,,,,,,,,,,
S018-01,,"음악실. 방음문을 닫으니 안이 유난히 고요하다. 귀가 멍할 정도. 누군가 여기 오래 숨어 지낸 흔적이 있네. 하긴, 숨기엔 명당이지.",,,,구석의 짐을 살핀다,FALSE,,S018-02,,피아노 쪽을 살펴본다,FALSE,,S018-03,,,,,
S018-02,RES005,"담요 더미를 들춰보니 아래에 비상식량이 꽁꽁! 라면 몇 개다. 누군가의 비상금을 찾은 기분, 미안하지만 잘 쓸게.",,,,라면 챙긴다,TRUE,,S018-04,,,,,,,,,,
S018-03,,"피아노 위, 악보 사이에 쪽지가 살짝 끼워져 있다. ""옥상 문은 열쇠만으론 안 열려. 전자 잠금을 풀어야 해. 통제실을 찾아."" 통제실이라… 또 하나 단서 추가!",,,,Empty,FALSE,,S018-04,,,,,,,,,,
S018-04,,"통제실… 그 이름, 머릿속에 콕 새겨둔다. 그나저나 이 방음실, 잠깐 숨어 있기엔 꽤 괜찮은데?",,,,Empty,FALSE,,Done,,,,,,,,,,
S019-01,,"미술실. 말라붙은 물감이랑 와르르 엎어진 이젤들. 그리고 벽 한 면에 누가 큼지막하게 뭔가를 그려놨다. 오, 저게 뭐지? 가까이 가보자.",,,,벽 그림을 살펴본다,FALSE,,S019-02,,재료함을 뒤진다,FALSE,,S019-03,,,,,
S019-02,,"벽 그림은 다름 아닌 학교 약도다! 옥상으로 가는 길이랑 함께, 빨갛게 칠한 X 표시들이 잔뜩. 위층으로 갈수록 X가 빽빽한데 — 이거, 순찰 잦은 데를 표시해 둔 거구나. 완전 보물지도잖아? 고맙다, 누군지 몰라도.",,,,재료함을 뒤진다,FALSE,,S019-03,,,,,,,,,,
S019-03,RES006,"재료함 구석을 뒤지니 과자 한 봉지가 쏙! 미술실에서 웬 과자, 럭키.",,,,과자 줍줍!,TRUE,,S019-04,,,,,,,,,,
S019-04,,"약도를 머릿속에 단단히 새긴다. 위층은 온통 빨간 X 투성이다. 신중하게, 또 신중하게 움직이자.",,,,Empty,FALSE,,Done,,,,,,,,,,
S020-01,,매점! 셔터가 반쯤 내려와 있고 안쪽은 깜깜하다. 그치만 매점이라면… 먹을 게 좀 남아 있지 않을까? 기대된다.,,,,셔터 밑으로 조용히 기어든다,FALSE,,S020-02,,셔터를 그냥 들어 올린다,FALSE,,S020-03,,,,,
S020-02,RES003,좁은 틈으로 낑낑 기어들어가 선반을 슥슥 더듬는다. 통조림 하나를 소리 없이 쏙. 역시 조용한 게 최고야.,,,,통조림 챙긴다,TRUE,,S020-05,,,,,,,,,,
S020-03,RES005,"셔터를 들어 올리는 순간 끼이익—! 으악, 소리 봐. 안쪽엔 라면이 잔뜩 쌓여 있긴 한데… 그 소리에 저 멀리서 발소리가 다가온다. 빨리, 빨리!",,,,라면만 챙기고 튄다,TRUE,,S020-04,,,,,,,,,,
S020-04,,셔터 밑으로 데굴— 굴러 나와 기둥 뒤로 쏙 숨는다. 어깨가 좀 쓸렸지만 참아야지. 발소리는 매점 안을 한참 맴돌다… 다행히 멀어진다. 휴.,hp,-2,,Empty,FALSE,,S020-05,,,,,,,,,,
S020-05,,"급할 때 식량 보충하기엔 좋은데, 너무 시끄러운 게 흠이야. 들어올 땐 살살.",,,,Empty,FALSE,,Done,,,,,,,,,,
S021-01,,"3-1반. 드디어 3학년 교실, 가장 위층까지 왔다. 공기마저 무겁게 가라앉은 느낌… 여기서부턴 진짜 긴장해야 해.",,,,교실 안을 살핀다,FALSE,,S021-02,,복도 쪽 기척을 살핀다,FALSE,,S021-03,,,,,
S021-02,RES007,책상 밑에 비상 구급 키트가 툭 떨어져 있다. 안엔 응급약 한 통! 위층에선 이런 게 진짜 귀하지. 잘 챙겨두자.,,,,응급약 챙긴다,TRUE,,S021-04,,,,,,,,,,
S021-03,,"복도에 평소랑 다른 그림자가 어른거린다. 더 크고, 더 느리고, 더 묵직해. …중무장 로봇이다. 나도 모르게 숨을 꾹 죽인다. 위층엔 정예가 도는구나. 절대, 절대 들키면 안 돼.",,,,Empty,FALSE,,S021-04,,,,,,,,,,
S021-04,,"여기서부턴 한 걸음 한 걸음이 다 위험하다. 정신 바짝, 발끝까지 신경 쓰자.",,,,Empty,FALSE,,Done,,,,,,,,,,
S022-01,,3-2반. 창문 너머로 옥상까지 쭉 이어지는 외벽 배관이 보인다. 오… 저거 타고 올라가면 바로 옥상 아냐? 솔깃한데.,,,,창문이랑 배관을 살펴본다,FALSE,,S022-02,,일단 교실을 뒤진다,FALSE,,S022-03,,,,,
S022-02,,배관을 타고 오를 수 있을 것 같긴 한데… 너무 높고 미끄럽다. 게다가 누가 먼저 시도한 흔적이 있다 — 창틀에 덩그러니 걸린 신발 한 짝. 그 뒤가 어떻게 됐을지는… 생각하지 말자. 이 길은 아니야.,,,,Empty,FALSE,,S022-04,,,,,,,,,,
S022-03,RES004,"사물함 위에 마개까지 멀쩡한 물병 하나가 놓여 있다. 목말랐는데 반갑네, 쏙 챙기자.",,,,물병 챙긴다,TRUE,,S022-04,,,,,,,,,,
S022-04,,"옥상은 코앞인데, 결국 정문 쪽으로 가는 수밖에 없겠어. 지름길은 너무 위험하니까. 돌아가더라도 안전하게.",,,,Empty,FALSE,,Done,,,,,,,,,,
S023-01,,3-3반. 책상으로 겹겹이 쌓은 농성 진지가 제일 단단하게 남아 있다. 여기서 다들 마지막까지 버텼던 모양이야. 발걸음이 절로 조심스러워진다.,,,,진지 안쪽을 살핀다,FALSE,,S023-02,,벽의 글씨를 읽는다,FALSE,,S023-03,,,,,
S023-02,,"구겨진 일지 한 장이 떨어져 있다. ""선생님이 옥상 열쇠를 들고 숙직실로 갔어. 문을 열어주겠다고. 아직 안 돌아와."" …옥상 열쇠는 숙직실에 있구나. 근데 '아직 안 돌아와'라니, 그 말이 자꾸 마음에 걸린다.",,,,Empty,FALSE,,S023-04,,,,,,,,,,
S023-03,,"벽에 마지막 글이 또박또박 새겨져 있다. ""여기까지 읽었다면, 너는 살아남은 거야. 부탁이야 — 끝내줘."" …누군가 날 향해 남긴 말 같다. 가슴이 쿵, 내려앉는다.",,,,Empty,FALSE,,S023-04,,,,,,,,,,
S023-04,,"사람들의 마지막 순간이 이 방에 고스란히 남아 있다. …가슴이 묵직하다. 그래도, 여기서 멈출 순 없어.",,,,Empty,FALSE,,Done,,,,,,,,,,
S024-01,,"3학년 복도. 천장 배선이 훤히 드러난 채 한 방향으로 굵게 모여든다. 오, 이걸 따라가면… 분명 뭔가의 중심이 나올 것 같은데? 탐정의 촉이 발동한다.",,,,배선을 따라 조심히 간다,FALSE,,S024-02,,그냥 빠르게 지나간다,FALSE,,S024-03,,,,,
S024-02,,"배선은 결국 한 방으로 쭉 이어진다 — 통제실! 옳거니, 옥상 전자 잠금의 전원도 틀림없이 거기 있을 거야. 점점 좁혀진다.",,,,Empty,FALSE,,S024-04,,,,,,,,,,
S024-03,,"빠르게 가다 그만 중무장 로봇이랑 거리가 확 좁혀졌다. 헉— 그 둔중한 팔이 부웅, 허공을 가른다! 간신히 몸을 비틀어 따돌렸지만 옆구리를 긁혔다. 아야… 방심은 금물이라니까.",hp,-3,,Empty,FALSE,,S024-04,,,,,,,,,,
S024-04,,통제실. 그 이름이 머릿속에서 점점 또렷해진다. 거의 다 왔어.,,,,Empty,FALSE,,Done,,,,,,,,,,
S025-01,,4층 복도. 평소 학생은 얼씬도 안 하던 곳이다. 쿵… 쿵… 묵직한 발소리가 사방에서 울린다. 저건 — 학교 경비 지휘관! 덩치가 차원이 다르다. 정면 돌파? 절대 불가능. 머리를 굴리자.,,,,그늘에 붙어 순찰 박자를 잰다,FALSE,,S025-02,TOO003,화학약품으로 연막을 친다,FALSE,,S025-03,,"에라, 무작정 달린다",FALSE,,S025-04
S025-02,,"지휘관의 무거운 발소리, 그 박자를 차근차근 읽는다. 그늘에서 그늘로, 한 호흡씩 옮겨간다… 그리고 끝내, 들키지 않고 통과! 후우— 나 진짜 잠입의 달인 다 됐나 봐.",,,,Empty,FALSE,,S025-05,,,,,,,,,,
S025-03,,"챙겨둔 약품을 펑— 터뜨린다! 흰 연기가 복도를 순식간에 가득 메운다. 센서가 멍해진 틈을 노려 미끄러지듯 쓱— 빠져나간다. 캬, 준비한 보람 있네!",,,,Empty,FALSE,,S025-05,,,,,,,,,,
S025-04,,"무작정 내달리다 지휘관한테 정통으로 딱— 걸렸다! 삐뽀삐뽀, 경고음이 복도를 찢는다. 으악! 계단으로 몸을 날려 죽기 살기로 따돌린다. 온몸이 욱신욱신… 역시 무모한 건 안 돼.",hp,-4,,Empty,FALSE,,S025-05,,,,,,,,,,
S025-05,,"여길 지나왔다는 건 — 이제 정말 끝이 코앞이라는 뜻이다. 심호흡 한번 하고, 계속 가자.",,,,Empty,FALSE,,Done,,,,,,,,,,
S026-01,,"통제실. 학교의 모든 전선이 이 한 방으로 모여든다. 중앙의 노드가 우우웅— 낮게 떨고 있다. AI의 심장이구나, 했는데… 가까이 들여다보니 어라? 이거, 학교만의 물건이 아닌데?",,,,노드를 자세히 들여다본다,FALSE,,S026-02,,곧장 차단기부터 찾는다,FALSE,,S026-03,,,,,
S026-02,,"화면 구석에 작게 떠 있다. ""RELAY NODE 037 / 상위 네트워크 연결됨."" …이건 그냥 더 큰 망의 중계 노드일 뿐이었어. 학교를 꺼도 바깥의 무언가는 그대로 돌아간다는 거지. 그래도 — 적어도 여기, 이 학교만큼은 내가 끝낼 수 있다.",,,,차단기를 찾는다,FALSE,,S026-03,,,,,,,,,,
S026-03,,"벽면 한가운데에 굵직한 차단기 손잡이가 떡 하니 보인다. 이걸 콱 내리면 노드도, 옥상 전자 잠금도 한 방에 같이 죽는다. 자, 가자.",,,,손잡이를 힘껏 내린다,FALSE,,S026-04,,,,,,,,,,
S026-04,TOO004,"철컥— 그리고 묵직한 정적이 내려앉는다. 노드의 웅웅거림이 스르르 잦아든다. 누가 다시 꽂으면 안 되니까, 손잡이를 아예 통째로 쑥 뽑아서 챙긴다. 이걸로 옥상 전자 잠금도 같이 죽었을 거야. 완벽해!",,,,차단기 손잡이 챙긴다,TRUE,,S026-05,,,,,,,,,,
S026-05,,"이제 옥상 전자 잠금은 풀렸다. 남은 건 저 문 하나뿐! 다 왔어, 거의 다 왔어.",,,,Empty,FALSE,,Done,,,,,,,,,,
S027-01,,"드디어 옥상으로 가는 계단! …인데, 책상이랑 사물함으로 단단히 틀어막혀 있다. 사람들이 마지막까지 버틴 자리구나. 이걸 치워야 올라갈 수 있겠어.",,,,한 칸씩 조용히 치운다,FALSE,,S027-02,,한 번에 와락 밀어낸다,FALSE,,S027-03,,,,,
S027-02,,"조용히, 시간을 들여 한 칸씩 치운다. 그러다 틈에서 손때 묻은 메모 한 장이 툭 떨어진다. ""우리는 끝까지 여기 있었다."" …잠시, 손을 멈춘다.",,,,Empty,FALSE,,S027-04,,,,,,,,,,
S027-03,,"와르르—! 길은 단번에 트였지만, 그 소리가 건물 전체를 쩌렁 울린다. 헉, 아래에서 발소리가 모이기 시작한다! 무릎을 찧어가며 죽어라 계단을 오른다. 빨리, 빨리!",hp,-3,,Empty,FALSE,,S027-04,,,,,,,,,,
S027-04,,계단을 다 치웠다! 옥상이 바로 코앞이야. 심장이 두근두근.,,,,Empty,FALSE,,Done,,,,,,,,,,
S028-01,,행정실. 여기도 마스터 열쇠 캐비닛이 있네. 그런데 역시나 — '옥상' 칸만 휑하니 비어 있다. 약속이라도 한 듯이 말이야. 단서를 더 찾아보자.,,,,서류를 뒤진다,FALSE,,S028-02,,캐비닛 주변을 살핀다,FALSE,,S028-03,,,,,
S028-02,,"당직 일지가 펼쳐져 있다. ""옥상 열쇠는 숙직 선생님 보관. 마지막 날, 숙직실에서 끝내 나오지 못함."" …옥상 열쇠는 숙직실에 있구나. 근데 '끝내 나오지 못함'이라니. 마음이 무거워진다.",,,,Empty,FALSE,,S028-04,,,,,,,,,,
S028-03,RES003,"캐비닛 위 비상 보관함에 통조림 하나가 남아 있다. 이런 데서 식량이 나오다니, 알뜰하게 챙기자.",,,,통조림 챙긴다,TRUE,,S028-04,,,,,,,,,,
S028-04,,숙직실. 마지막 열쇠는 바로 거기 있다. 가보자.,,,,Empty,FALSE,,Done,,,,,,,,,,
S029-01,,"숙직실. 펼쳐진 담요와 식은 컵라면. 누군가 마지막 순간까지 여기서 버텼던 흔적이다. 구석에 웅크린 채, 그 사람은… 더는 움직이지 않는다. 나도 모르게 발소리를 죽인다.",,,,곁의 물건을 조용히 살핀다,FALSE,,S029-02,,벽의 글을 읽는다,FALSE,,S029-03,,,,,
S029-02,KEY005,"굳게 쥐고 있던 손 옆에, '옥상'이라 적힌 열쇠가 떨어져 있다. 끝내 그 문을 열지 못한 채로… 나는 두 손으로 조용히 집어 든다. 고개를 숙인다.",,,,옥상 열쇠를 집어 든다,TRUE,,S029-04,,,,,,,,,,
S029-03,,"벽에 마지막으로 적어 놓은 글. ""아이들을 먼저 올려보냈다. 나는 여기까지."" …끝까지 누군가를 지키려 했던 거구나. 목이 메인다.",,,,곁의 물건을 살핀다,FALSE,,S029-02,,,,,,,,,,
S029-04,,"옥상 열쇠를 손에 꼭 쥔다. 당신 몫까지 — 반드시, 살아서 나갈게요. 약속.",,,,Empty,FALSE,,Done,,,,,,,,,,
S030-01,,"드디어, 옥상으로 통하는 마지막 문 앞이다. 쇠 자물쇠와 전자 잠금이 나란히 걸려 있고, 문틈으로 차가운 바깥 공기가 솔솔 새어든다. …바깥이다. 진짜 코앞이야.",,,KEY005,옥상 열쇠로 두 잠금을 모두 연다,FALSE,,S030-02,TOO004,(전자 잠금은 죽어 있다) 쇠 자물쇠를 부수고 문을 민다,FALSE,,S030-03,,아직 열 방법이 없다. 물러난다,FALSE,,S030-04
S030-02,,"옥상 열쇠가 철컥— 두 잠금을 한 번에 푼다. 끼익, 문이 열린다. 차가운 바람, 그리고 오랜만에 올려다보는 하늘. 발밑의 도시는 고요하다. 나는 마침내 학교를 벗어난다. 학교는… 그대로 남는다. 언젠가 다시 돌아올 수 있을까. — 탈출 엔딩.",,,,Empty,FALSE,,Clear,,,,,,,,,,
S030-03,,"전원이 끊긴 자물쇠를 콱 부순다. 문이 열린다. 등 뒤로는, 학교의 웅웅거림이 완전히 멎어 있다. 노드를 껐으니까. 이건 거대한 망의 작은 한 점을 끈 것뿐이지만 — 적어도 여기만큼은, 내가 끝냈다. 나는 하늘 아래로 천천히 걸어 나간다. — 무력화 엔딩.",,,,Empty,FALSE,,Clear,,,,,,,,,,
S030-04,,"쇠 자물쇠는 꿈쩍도 안 하고, 전자 잠금엔 아직 빨간 불이 들어와 있다. 아직은 무리야. 옥상 열쇠를 찾거나, 통제실을 꺼야 한다. 일단은… 물러나자. 다음을 기약하며.",,,,Empty,FALSE,,Done,,,,,,,,,,
G001-01,,"복도 끝에 자판기가 서 있다. 세상이 망했는데도 얘는 아직 불이 켜져 있네. 끈질긴 놈. 유리 너머로 음료 캔 몇 개가 보인다. 입에 침이 고인다. 진정해, 나.",,,,발로 찬다,FALSE,,G001-02,TOO002,드라이버로 자판기를 분해한다,FALSE,,G001-03,,무시하고 지나간다,FALSE,,G001-04
G001-02,RES002,에라 모르겠다. 발로 한 방. 쿵. …잇..! 소리 생각을 못 했네. 캔은 떨어졌는데 등에 식은땀도 같이 떨어진다. 누가 들은 건 아니겠지?,,,,캔음료를 챙긴다,TRUE,,Done,,,,,,,,,,
G001-03,RES002,"자판기 투입구 나사가 헐거워 보인다. 살살, 도둑처럼. 옛날에 형이 알려준 게 이렇게 쓰일 줄이야. 음료 캔이 툭 굴러나온다.",hp,3,,캔음료를 챙긴다,TRUE,,G001-05,,,,,,,,,,
G001-04,,지금은 별로 안 땡겨. 다음에 다시 오자.,,,,Empty,FALSE,,Done,,,,,,,,,,
G001-05,RES006,안쪽엔 과자까지 걸려 있다. 오늘 운 좋다.,,,,과자를 챙긴다,TRUE,,Done,,,,,,,,,,
G002-01,,복도에 책가방 하나가 떨어져 있다. 누군가 급히 두고 간 모양이다.,,,,뒤져본다,FALSE,,G002-02,,그냥 지나친다,FALSE,,G002-03,,,,,
G002-02,RES003,"안에서 통조림 하나가 나온다. 안주머니엔 구겨진 가족사진도. …미안, 잘 쓸게.",,,,통조림을 챙긴다,TRUE,,Done,,,,,,,,,,
G002-03,,남의 가방을 뒤지는 건 좀… 그냥 지나친다.,,,,Empty,FALSE,,Done,,,,,,,,,,
G003-01,,"깨진 사물함 더미 아래, 과자 부스러기와 잔돈이 흩어져 있다.",,,,쪼그려 주워 모은다,FALSE,,G003-02,,그냥 둔다,FALSE,,G003-03,,,,,
G003-02,RES006,부스러기를 긁어모으니 그래도 한 봉지 분량은 된다. 없는 것보단 낫지.,,,,과자를 챙긴다,TRUE,,Done,,,,,,,,,,
G003-03,,바닥에 떨어진 부스러기까지 줍긴 좀. 지나친다.,,,,Empty,FALSE,,Done,,,,,,,,,,
G004-01,,급수대 하나가 고장 나 멈춰 있다. 하필 목이 바싹 마른 참인데.,,,,맨손으로 두드려본다,FALSE,,G004-02,TOO002,드라이버로 밸브를 연다,FALSE,,G004-03,,지나친다,FALSE,,G004-04
G004-02,,아무리 두드려도 물 한 방울 안 나온다. 헛수고. 괜히 갈증만 더 심해졌다.,목마름,-3,,Empty,FALSE,,Done,,,,,,,,,,
G004-03,,밸브를 비틀자 물이 콸콸 쏟아진다. 두 손으로 받아 벌컥벌컥 마신다. 살 것 같다.,목마름,25,,Empty,FALSE,,Done,,,,,,,,,,
G004-04,,"됐어, 물은 다른 데서 구하지. 지나친다.",,,,Empty,FALSE,,Done,,,,,,,,,,
G005-01,,복도로 끌려 나온 교무용 책상. 서랍 하나가 잠겨 있다. 뭔가 들었을지도.,,,,맨손으로 흔들어본다,FALSE,,G005-02,TOO001,빠루로 부순다,FALSE,,G005-03,TOO002,드라이버로 딴다,FALSE,,G005-04
G005-02,,꿈쩍도 안 한다. 손만 아프다.,,,,Empty,FALSE,,Done,,,,,,,,,,
G005-03,RES007,빠루로 서랍을 부순다. 쾅— 소리가 복도에 울린다. 안엔 응급약 한 통. 소음값은 했네.,,,,응급약을 챙긴다,TRUE,,Done,,,,,,,,,,
G005-04,RES007,드라이버로 자물쇠를 조용히 딴다. 철컥. 안엔 응급약 한 통.,,,,응급약을 챙긴다,TRUE,,Done,,,,,,,,,,
G006-01,,"천장에서 물이 뚝, 뚝 떨어진다. 고인 물이 제법 된다. 받아 마실까, 말까.",,,,받아 마신다,FALSE,,G006-02,,참는다,FALSE,,G006-03,,,,,
G006-02,,미지근하고 살짝 비릿하다. 그래도 갈증은 가신다.,목마름,15,,Empty,FALSE,,G006-04,,,,,,,,,,
G006-03,,아무래도 깨끗한 물 같진 않다. 참는다.,,,,Empty,FALSE,,Done,,,,,,,,,,
G006-04,,"…잠시 뒤, 속이 뒤틀린다. 역시 더러운 물이었나. 식은땀이 난다.",hp,-5,,Empty,FALSE,,Done,,,,,,,,,,
G007-01,,"복도가 무너진 사물함 더미로 막혀 있다. 치우든지, 돌아가든지.",,,,힘껏 치운다,FALSE,,G007-02,,돌아간다,FALSE,,G007-03,,,,,
G007-02,,"끙— 무거운 사물함을 밀어낸다. 손등이 까지고 소리도 제법 났지만, 길은 트였다.",hp,-3,,Empty,FALSE,,Done,,,,,,,,,,
G007-03,,괜히 소리 낼 필요 없지. 시간은 걸려도 돌아간다.,,,,Empty,FALSE,,Done,,,,,,,,,,
G008-01,,복도 바닥이 깨진 유리로 뒤덮여 있다. 한 발 한 발이 신경 쓰인다.,,,,조심조심 통과한다,FALSE,,G008-02,,빠르게 지난다,FALSE,,G008-03,,,,,
G008-02,,한 걸음씩 발 디딜 곳을 고른다. 시간은 걸렸지만 무사히 건넌다.,,,,Empty,FALSE,,Done,,,,,,,,,,
G008-03,,빨리 가려다 유리 조각을 밟았다. 신발 너머로 따끔.,hp,-2,,Empty,FALSE,,Done,,,,,,,,,,
G009-01,,"정적을 깨고, 어디선가 휴대폰 벨이 울린다! 누가 두고 간 폰이다. 이 소리, 분명 다 들릴 텐데. 심장이 철렁.",,,,달려가 꺼버린다,FALSE,,G009-02,,최대한 멀리 피한다,FALSE,,G009-03,,,,,
G009-02,RES001,숨이 턱에 차게 달려가 전원을 꺼버린다. 식은땀. 폰 옆 가방에 빵 하나가 들어 있다. 위험을 무릅쓴 보람은 있네.,,,,빵을 챙긴다,TRUE,,Done,,,,,,,,,,
G009-03,,소리를 등지고 반대로 멀어진다. 벨소리가 한참을 울리다 멎는다. 누가 듣지 않았기를.,,,,Empty,FALSE,,Done,,,,,,,,,,
G010-01,,갑자기 다리에 힘이 풀린다. 며칠을 제대로 못 먹었더니. 배에서 요란한 소리가 난다.,,,,잠깐 주저앉아 숨을 고른다,FALSE,,G010-02,,이를 악물고 버틴다,FALSE,,G010-03,,,,,
G010-02,,잠깐 쪼그려 숨을 고른다. 어지럼증은 좀 가신다. (가방에 먹을 게 있다면 지금 먹어두는 게 좋겠다.),hp,3,,Empty,FALSE,,Done,,,,,,,,,,
G010-03,,"이를 악물고 걷는다. 버티긴 했지만, 허기는 더 깊어졌다.",배고픔,-3,,Empty,FALSE,,Done,,,,,,,,,,
G011-01,,갑자기 모든 불이 꺼진다. 칠흑 같은 어둠. 손끝도 안 보인다.,,,,그 자리에 가만히 있는다,FALSE,,G011-02,,더듬으며 이동한다,FALSE,,G011-03,,,,,
G011-02,,"숨죽이고 기다린다. 잠시 뒤 비상등이 깜빡, 들어온다. 무사하다.",,,,Empty,FALSE,,Done,,,,,,,,,,
G011-03,,"어둠 속을 더듬다 뭔가에 정강이를 세게 찧고 넘어진다. 시간은 벌었지만, 아프다.",hp,-3,,Empty,FALSE,,Done,,,,,,,,,,
G012-01,,어디선가 매캐한 연기가 흘러든다. 한쪽 복도가 뿌옇게 막혔다.,,,,숨을 참고 연기 속을 돌파한다,FALSE,,G012-02,,빙 돌아 우회한다,FALSE,,G012-03,,,,,
G012-02,,"숨을 참고 연기 속을 뚫는다. 그래도 기침이 멎질 않는다. 빠르지만, 폐가 타는 것 같다.",hp,-4,,Empty,FALSE,,Done,,,,,,,,,,
G012-03,,연기는 위험하다. 시간이 걸려도 돌아간다.,,,,Empty,FALSE,,Done,,,,,,,,,,
G013-01,,깨진 창문으로 비가 들이친다. 창틀에 빗물이 제법 고였다.,,,,빗물을 받아 마신다,FALSE,,G013-02,,젖지 않게 빨리 지난다,FALSE,,G013-03,,,,,
G013-02,,"깨끗한 빗물로 목을 축인다. 옷이 좀 젖긴 했지만, 이 정도면 횡재다.",목마름,20,,Empty,FALSE,,Done,,,,,,,,,,
G013-03,,벽에 붙어 비를 피하며 빠르게 지난다.,,,,Empty,FALSE,,Done,,,,,,,,,,
G014-01,,"스피커가 지직거리더니, AI의 무미건조한 안내음이 흘러나온다. ""…전원은 지정 구역으로… 저항은 무의미하다…"" 소름이 돋는다.",,,,가만히 끝까지 듣는다,FALSE,,G014-02,,귀를 막고 지나간다,FALSE,,G014-03,,,,,
G014-02,,"끝까지 듣는다. 사람을 흉내 낸 목소리, 그런데 어딘가 텅 비어 있다. 저것이 학교를, 세상을 삼켰다. 등골이 서늘하다.",,,,Empty,FALSE,,Done,,,,,,,,,,
G014-03,,더는 듣고 싶지 않다. 귀를 막고 빠르게 벗어난다.,,,,Empty,FALSE,,Done,,,,,,,,,,
G015-01,,정찰 드론 하나가 불꽃을 튀기며 복도에 추락해 있다. 잔해에서 가느다란 연기가 오른다.,,,,잔해를 뒤져 부품을 챙긴다,FALSE,,G015-02,,발로 차서 작동을 확인한다,FALSE,,G015-03,,위험해 보여 지나친다,FALSE,,G015-04
G015-02,TOO005,"조심히 잔해를 헤집어 멀쩡한 배터리를 빼낸다. 어디 쓸지는 모르지만, 챙겨두면 언젠가.",,,,배터리를 챙긴다,TRUE,,Done,,,,,,,,,,
G015-03,,"툭 건드리는 순간, 드론이 마지막 경고음과 함께 프로펠러를 튕긴다! 손등을 베이고 황급히 물러난다.",hp,-3,,Empty,FALSE,,Done,,,,,,,,,,
G015-04,,아직 살아 있을지도 모른다. 위험해 보여 멀찍이 돌아간다.,,,,Empty,FALSE,,Done,,,,,,,,,,
G016-01,,"모퉁이를 도는 순간, 순찰 로봇과 거의 코앞에서 마주친다! 가슴팍 센서가 막 이쪽으로 돌아오려 한다.",,,,즉시 몸을 숨긴다,FALSE,,G016-02,,반대로 뛴다,FALSE,,G016-03,,,,,
G016-02,,잽싸게 기둥 뒤로 붙는다. 로봇이 잠시 멈칫… 하더니 그대로 지나간다. 심장이 터질 뻔했다.,,,,Empty,FALSE,,Done,,,,,,,,,,
G016-03,,뒤돌아 냅다 뛴다. 등 뒤에서 경고음이 울린다. 모퉁이 몇 개를 돌고 돌아 간신히 따돌린다.,hp,-3,,Empty,FALSE,,Done,,,,,,,,,,
G017-01,,복도 천장의 붉은 센서 등이 깜빡인다. 곧 스캔이 한 번 훑고 지나갈 것 같다.,,,,그 자리에 얼어붙는다,FALSE,,G017-02,,재빨리 그늘로 미끄러진다,FALSE,,G017-03,,,,,
G017-02,,숨도 안 쉬고 멈춘다. 붉은 빛이 몸을 한 번 훑고 지나간다. …통과.,,,,Empty,FALSE,,Done,,,,,,,,,,
G017-03,,급히 그늘로 움직이다 벽 모서리에 어깨를 부딪힌다. 들키진 않았지만 욱신거린다.,hp,-2,,Empty,FALSE,,Done,,,,,,,,,,
G018-01,,"어디선가 발소리가 들린다. 그런데 보이질 않는다. 가까운지 먼지, 어느 쪽인지 가늠이 안 된다.",,,,숨어서 기다린다,FALSE,,G018-02,,소리 반대로 우회한다,FALSE,,G018-03,,,,,
G018-02,,"한참을 숨어 기다린다. 발소리가 서서히 멀어진다. 시간은 까먹었지만, 그게 안전하다.",,,,Empty,FALSE,,Done,,,,,,,,,,
G018-03,,"소리가 난 반대로 돌아간다. 옳은 선택이었는지는, 끝내 알 수 없다.",,,,Empty,FALSE,,Done,,,,,,,,,,
G019-01,,"어둠 속에서 낮은 목소리. ""…거래할래? 난 먹을 게 필요해."" 또래 생존자다. 손에 뭔가 들고 있다.",,,RES003,통조림을 음료와 바꾼다,FALSE,,G019-02,RES005,라면을 응급약과 바꾼다,FALSE,,G019-03,,거절한다,FALSE,,G019-04
G019-02,RES002,"통조림을 건네고 캔음료를 받는다. 서로 말없이 한 번 끄덕이고, 각자의 어둠으로 흩어진다.",,,,캔음료를 챙긴다,TRUE,,Done,,,,,,,,,,
G019-03,RES007,"라면을 내밀자 그가 응급약을 건넨다. ""고마워. 살아남아."" 그러곤 사라진다.",,,,응급약을 챙긴다,TRUE,,Done,,,,,,,,,,
G019-04,,지금은 내줄 게 없다. 가볍게 고개를 젓고 지나친다.,,,,Empty,FALSE,,Done,,,,,,,,,,
G020-01,,"복도 구석에 한 학생이 다리를 절며 웅크려 있다. ""…도와줘. 약, 약 있어?"" 눈빛에 거짓은 없어 보인다.",,,RES007,응급약을 나눠준다,FALSE,,G020-02,,무시하고 지나간다,FALSE,,G020-03,,,,,
G020-02,RES003,"응급약을 건넨다. 그가 떨리는 손으로 받으며 속삭인다. ""자판기는 발로 차지 마. 소리 엄청 커."" 그러곤 품에서 통조림 하나를 꺼내 쥐여준다. ""이거라도. 고마워.""",,,,통조림을 받는다,TRUE,,Done,,,,,,,,,,
G020-03,,못 본 척 지나친다. 등 뒤로 가느다란 신음이 들린다. 마음이 무겁지만… 나도 살아야 하니까.,,,,Empty,FALSE,,Done,,,,,,,,,,
G021-01,,"벽 틈에 쪽지와 작은 상자가 끼워져 있다. 쪽지엔 삐뚤빼뚤한 글씨. ""통조림 두고 가면, 안에 있는 거 가져가도 됨. — 누군가.""",,,RES003,통조림을 넣고 상자를 연다,FALSE,,G021-02,,그냥 상자만 열어본다,FALSE,,G021-03,,건드리지 않는다,FALSE,,G021-04
G021-02,RES007,통조림을 넣고 상자를 연다. 안엔 응급약 한 통. 얼굴도 모르는 누군가와의 정직한 거래.,,,,응급약을 챙긴다,TRUE,,Done,,,,,,,,,,
G021-03,,"규칙을 어기고 상자만 열어본다. …텅 비어 있다. 누가 먼저 다녀갔거나, 애초에 빈 미끼였거나.",,,,Empty,FALSE,,Done,,,,,,,,,,
G021-04,,함정일지도 모른다. 괜히 건드리지 않고 지나친다.,,,,Empty,FALSE,,Done,,,,,,,,,,
G022-01,,"어라, 누군가 버리고 간 뽁뽁이 한 장이다. 이런 게 여기 왜 있지?",,,,만져본다,FALSE,,G022-02,,"으, 발로 차버린다",FALSE,,G022-03,,,,,
G022-02,,"바사삭…! 바삭, 바삭. 하나씩 터뜨리다 보니 시간 가는 줄을 모르겠다. 별것 아닌데 마음이 좀 풀린다.",hp,3,,Empty,FALSE,,Done,,,,,,,,,,
G022-03,,"으, 됐어. 발로 뻥 차버린다. …근데 차고 나니 좀 아쉽네.",,,,Empty,FALSE,,Done,,,,,,,,,,
G023-01,,책상 밑에 깨알같이 적힌 컨닝페이퍼가 붙어 있다. 누가 시험 때 쓰려다 만 모양이다.,,,,읽어본다,FALSE,,G023-02,,그냥 둔다,FALSE,,G023-03,,,,,
G023-02,,‘조선 후기 균역법…’ 깨알 글씨에 웃음이 난다. 이제 시험 볼 일도 없는데. 그래도 묘하게 정겹다.,hp,2,,Empty,FALSE,,Done,,,,,,,,,,
G023-03,,남의 컨닝페이퍼까진 좀. 못 본 척한다.,,,,Empty,FALSE,,Done,,,,,,,,,,
G024-01,,사물함 틈에 분홍색 쪽지가 반쯤 끼어 있다. 누가 봐도 연애편지인데….,,,,몰래 펼쳐 읽는다,FALSE,,G024-02,,양심상 도로 끼워둔다,FALSE,,G024-03,,,,,
G024-02,,"‘너랑 같이 하교하던 길이 제일 좋았어.’ …으, 오글거려. 근데 입꼬리가 자꾸 올라간다. 이 둘은 잘 됐을까.",hp,3,,Empty,FALSE,,Done,,,,,,,,,,
G024-03,,남의 마음을 훔쳐보는 건 아니지. 도로 살며시 끼워둔다.,,,,Empty,FALSE,,Done,,,,,,,,,,
G025-01,,칠판 구석에 누가 그려둔 선생님 캐리커처. 특징을 기가 막히게 잡았다.,,,,감상한다,FALSE,,G025-02,,분필을 집어 한 컷 더 그린다,FALSE,,G025-03,,,,,
G025-02,,"푸흡. 이 코, 진짜 똑같네. 한참을 들여다보며 피식거린다.",hp,2,,Empty,FALSE,,Done,,,,,,,,,,
G025-03,,"내가 봐도 명작에 한 획을 보탠다. 말풍선까지 달아주니 완성이다. 누가 볼 일은 없겠지만, 만족.",hp,3,,Empty,FALSE,,Done,,,,,,,,,,
G026-01,,"교실 창가, 작은 화분 하나가 — 어라, 아직 살아 있다! 먼지 속에서 잎이 파릇하다.",,,,물을 조금 나눠준다,FALSE,,G026-02,,잎을 살살 만져본다,FALSE,,G026-03,,,,,
G026-02,,가진 물을 한 모금 흙에 부어준다. 이 난리 통에도 살아남은 게 기특하다. …너도 버티고 있구나.,hp,4,,Empty,FALSE,,Done,,,,,,,,,,
G026-03,,잎을 손끝으로 살살 만진다. 보들보들. 살아 있는 걸 만지는 게 얼마 만이지.,hp,2,,Empty,FALSE,,Done,,,,,,,,,,
G027-01,,사물함 깊숙이 미개봉 한정판 빵이 굴러 나온다. 이거 출시됐을 때 품절 대란이었는데!,,,,냅다 챙긴다,FALSE,,G027-02,,유통기한부터 본다,FALSE,,G027-03,,,,,
G027-02,RES001,전설의 그 빵을 이렇게 손에 넣다니. 세상 망한 보람(?)이 있네. 일단 챙긴다.,,,,빵을 챙긴다,TRUE,,Done,,,,,,,,,,
G027-03,,"…유통기한, 작년. 음. 그래도 이걸 어떻게 버려. 일단 챙겨두자.",,,,빵을 챙긴다는 마음으로 본다,FALSE,,G027-02,,,,,,,,,,
G028-01,,분실물함에서 짝짝이 실내화 한 짝과 우스꽝스러운 동물 모자가 나온다.,,,,모자를 써본다,FALSE,,G028-02,,패스한다,FALSE,,G028-03,,,,,
G028-02,,거울도 없지만 분명 웃긴 꼴일 거다. 토끼 귀가 달랑달랑. 혼자 피식 웃는다. …누가 보면 큰일이지만.,hp,3,,Empty,FALSE,,Done,,,,,,,,,,
G028-03,,지금 이걸 쓸 때가 아니지. 패스.,,,,Empty,FALSE,,Done,,,,,,,,,,
G029-01,,체육관도 아닌데 복도에 농구공 하나가 굴러다닌다. 손이 근질근질하다.,,,,한 번 튀겨본다,FALSE,,G029-02,,조용히 한쪽으로 치운다,FALSE,,G029-03,,,,,
G029-02,,"통—! …아차, 소리. 흠칫 굳었다가, 별일 없자 슬며시 한 번 더 통. 잠깐이지만 신난다.",hp,2,,Empty,FALSE,,Done,,,,,,,,,,
G029-03,,소리 나면 안 되지. 발로 살살 굴려 구석에 둔다.,,,,Empty,FALSE,,Done,,,,,,,,,,
G030-01,,책상 위에 옛날 휴대용 게임기가 놓여 있다. 전원이 안 켜진다 — 배터리가 없네.,,,TOO005,배터리를 끼워 켜본다,FALSE,,G030-02,,일단 챙겨둔다,FALSE,,G030-03,,그냥 둔다,FALSE,,G030-04
G030-02,,배터리를 끼우자 띠링— 켜진다! 잠깐 딱 한 판. 세상 망한 걸 잠시 잊는다. …이게 얼마 만의 게임이야.,hp,5,,Empty,FALSE,,Done,,,,,,,,,,
G030-03,,배터리는 없지만 챙겨두자. 언젠가 한 판 할 날이 오겠지.,,,,Empty,FALSE,,Done,,,,,,,,,,
G030-04,,지금은 게임할 때가 아니지. 아쉽지만 둔다.,,,,Empty,FALSE,,Done,,,,,,,,,,
G031-01,,복도 한쪽에 인형뽑기 기계가 멀쩡히 서 있다. 유리 안에 인형들이 빼곡하다. 동전은 없지만… 꺼낼 방법이 아주 없진 않지.,,,TOO001,빠루로 유리 틈을 연다,FALSE,,G031-02,TOO002,드라이버로 뒷판을 딴다,FALSE,,G031-03,,발로 차본다,FALSE,,G031-04
G031-02,,빠루로 슬쩍. 와장창은 좀 그러니 틈만. 손을 넣어 제일 귀여운 놈으로 하나 꺼낸다. 주머니에 쏙. 든든한 마스코트가 생겼다.,hp,3,,Empty,FALSE,,Done,,,,,,,,,,
G031-03,,"드라이버로 뒷판을 딴다. 도둑질 같지만 뭐, 주인도 없는데. 토끼 인형 하나 득템. 괜히 기분이 좋다.",hp,3,,Empty,FALSE,,Done,,,,,,,,,,
G031-04,,"에라, 발로 한 방. …끄떡없다. 발만 아프다. 역시 안 되는구나.",,,,Empty,FALSE,,Done,,,,,,,,,,
G032-01,,"매점 앞 ‘오늘의 메뉴’ 칠판이 그대로 남아 있다. ‘제육덮밥, 미역국, 깍두기.’",,,,메뉴를 읽으며 군침을 삼킨다,FALSE,,G032-02,,분필로 메뉴를 바꿔 적는다,FALSE,,G032-03,,,,,
G032-02,,제육덮밥이라니… 입에 침이 고인다. 괜히 더 배고파졌다. 읽는 게 아니었어.,배고픔,-2,,Empty,FALSE,,Done,,,,,,,,,,
G032-03,,"‘오늘의 메뉴: 통조림, 통조림, 그리고 통조림.’ 적어놓고 혼자 피식. 누가 보면 웃어주려나.",hp,2,,Empty,FALSE,,Done,,,,,,,,,,
G033-01,,교실 바닥에 종이비행기가 잔뜩 흩어져 있다. 누가 잔뜩 접어 날렸던 모양이다.,,,,하나 주워 날려본다,FALSE,,G033-02,,펼쳐서 읽어본다,FALSE,,G033-03,,,,,
G033-02,,휙— 멀리 잘도 날아간다. 괜히 몇 개 더 날린다. 잠깐의 동심.,hp,2,,Empty,FALSE,,Done,,,,,,,,,,
G033-03,,"펼쳐 보니 안쪽에 낙서. ‘수업 존나 지루해 ㅋㅋ’ …그래, 그땐 그게 제일 큰 고민이었지.",hp,2,,Empty,FALSE,,Done,,,,,,,,,,
G034-01,,복도 끝 전신거울. 오랜만에 거울에 비친 내 모습을 본다.,,,,가만히 들여다본다,FALSE,,G034-02,,머리를 대충 정리한다,FALSE,,G034-03,,,,,
G034-02,,"…꼴이 말이 아니네. 며칠 만에 보는 내 얼굴이 낯설다. 그래도, 아직 살아 있네. 피식.",hp,2,,Empty,FALSE,,Done,,,,,,,,,,
G034-03,,손으로 머리를 대충 쓸어넘긴다. 별것 아닌데 좀 사람다워진 기분.,hp,2,,Empty,FALSE,,Done,,,,,,,,,,
G035-01,,"사물함 안쪽에 ‘죽기 전에 하고 싶은 것’ 목록이 붙어 있다. ‘바다 보기, 콘서트 가기, 고백하기….’",,,,가만히 읽어본다,FALSE,,G035-02,,한 줄 보태 적는다,FALSE,,G035-03,,,,,
G035-02,,"소박한 소망들. 이 중 몇 개나 이뤘을까. 가슴 한쪽이 찡하면서도, 묘하게 힘이 난다.",hp,2,,Empty,FALSE,,Done,,,,,,,,,,
G035-03,,맨 밑에 한 줄 보탠다. ‘여기서 살아 나가기.’ …이건 내가 대신 이뤄줄게.,hp,3,,Empty,FALSE,,Done,,,,,,,,,,
G036-01,,복도 한쪽에 축제 때 쓰던 간식 부스 잔해. 봉지 사탕과 과자가 흩어져 있다.,,,,멀쩡한 걸 주워 먹는다,FALSE,,G036-02,,잠시 그때를 떠올린다,FALSE,,G036-03,,,,,
G036-02,RES006,포장 멀쩡한 과자 한 봉지를 챙긴다. 축제 때 친구들이랑 부스 돌던 게 엊그제 같은데.,,,,과자를 챙긴다,TRUE,,Done,,,,,,,,,,
G036-03,,"여기서 풍선 불고, 사진 찍고… 시끌벅적했었지. 잠깐 그 소리가 들리는 것 같다.",hp,2,,Empty,FALSE,,Done,,,,,,,,,,
G037-01,,복도 비품함에 행사용 메가폰이 들어 있다. 스위치는 살아 있다. 한 번… 해볼까?,,,,"작게 “아, 아—” 해본다",FALSE,,G037-02,,참는다,FALSE,,G037-03,,,,,
G037-02,,"‘아, 아—’ 내 목소리가 복도에 울린다. …아차. 후다닥 끈다. 심장 쫄깃. 근데 좀 웃기다.",hp,2,,Empty,FALSE,,Done,,,,,,,,,,
G037-03,,여기서 소리를 내는 건 미친 짓이지. 침을 꿀꺽 삼키고 내려놓는다.,,,,Empty,FALSE,,Done,,,,,,,,,,
G038-01,,"창가 화단에 방울토마토가 — 세상에, 빨갛게 익어 있다! 아무도 안 돌봤는데 끈질기게도.",,,,하나 따 먹는다,FALSE,,G038-02,,그냥 둔다,FALSE,,G038-03,,,,,
G038-02,,"톡, 따서 입에 넣는다. 새콤달콤, 신선하다! 며칠 만에 먹는 음식다운 음식.",배고픔,8,,Empty,FALSE,,Done,,,,,,,,,,
G038-03,,차마 못 따겠다. 이 와중에 열매를 맺은 게 대견해서. 한참 바라보다 돌아선다.,hp,2,,Empty,FALSE,,Done,,,,,,,,,,
G039-01,,"벽 한 면이 색색 포스트잇으로 가득하다. 누가 붙인 응원 메시지들. ‘힘내자’, ‘우리 꼭 살자’, ‘넌 혼자가 아냐.’",,,,하나씩 읽는다,FALSE,,G039-02,,한 장 떼서 주머니에 넣는다,FALSE,,G039-03,,,,,
G039-02,,"한 장 한 장 눈으로 읽는다. 얼굴도 모르는 사람들의 말이 이상하게 가슴을 채운다. …그래, 살자.",hp,4,,Empty,FALSE,,Done,,,,,,,,,,
G039-03,,‘넌 혼자가 아냐.’ 이 한 장을 떼서 주머니에 넣는다. 부적처럼.,hp,3,,Empty,FALSE,,Done,,,,,,,,,,
G040-01,,교실 벽시계가 3시 17분에 멈춰 있다. 모든 게 멈춘 게 그 시각인지도 모른다.,,,,멍하니 올려다본다,FALSE,,G040-02,,초침을 손가락으로 톡 건드린다,FALSE,,G040-03,,,,,
G040-02,,저 시각에 무슨 일이 있었던 걸까. 한참을 올려다본다. 시간 감각이 점점 흐릿해진다.,,,,Empty,FALSE,,Done,,,,,,,,,,
G040-03,,"초침을 톡 건드리자 잠깐 똑딱, 똑딱 움직인다. …다시 멈춘다. 그래도 그 잠깐이, 묘하게 안심이 된다.",hp,2,,Empty,FALSE,,Done,,,,,,,,,,
G041-01,,책상 서랍에서 먹다 만 도시락 통이 나온다. 며칠… 아니 몇 달은 됐겠지. 뚜껑이 빵빵하게 부풀어 있다.,,,,호기심에 열어본다,FALSE,,G041-02,,"절대 안 연다, 그대로 닫는다",FALSE,,G041-03,,,,,
G041-02,,뻥— 으아악! 형용 불가능한 냄새와 색. 위가 뒤집힌다. 왜 열었지. 도대체 왜.,hp,-2,,Empty,FALSE,,Done,,,,,,,,,,
G041-03,,이건 판도라의 상자다. 절대 안 연다. 현명한 선택에 스스로 만족한다.,hp,2,,Empty,FALSE,,Done,,,,,,,,,,
G042-01,,체육관 구석 야구부 장비함. 알루미늄 배트 하나가 비스듬히 세워져 있다.,,,,집어 든다,FALSE,,G042-02,,그냥 둔다,FALSE,,G042-03,,,,,
G042-02,WPN001,묵직하게 손에 감긴다. 휘두를 일이 없길 바라지만… 든든한 건 사실이다.,,,,야구배트를 챙긴다,TRUE,,Done,,,,,,,,,,
G042-03,,무겁기만 하지. 그냥 둔다.,,,,Empty,FALSE,,Done,,,,,,,,,,
G043-01,,교실 서랍에 커터칼이 굴러다닌다. 날을 밀어보니 아직 날카롭다.,,,,챙긴다,FALSE,,G043-02,,위험해 보여 둔다,FALSE,,G043-03,,,,,
G043-02,WPN002,칼날을 집어넣고 주머니에 넣는다. 뭔가 자를 일이 분명 생기겠지.,,,,커터칼을 챙긴다,TRUE,,Done,,,,,,,,,,
G043-03,,손 다칠라. 그냥 둔다.,,,,Empty,FALSE,,Done,,,,,,,,,,
G044-01,,복도에 박살 난 의자. 쇠 다리 하나가 깔끔하게 떨어져 나와 있다.,,,,뽑아 챙긴다,FALSE,,G044-02,,둔다,FALSE,,G044-03,,,,,
G044-02,WPN003,"묵직한 쇠 막대. 휘둘러도, 지렛대로 써도 쓸 만하겠다.",,,,의자 다리를 챙긴다,TRUE,,Done,,,,,,,,,,
G044-03,,둔다.,,,,Empty,FALSE,,Done,,,,,,,,,,
G045-01,,"복도 소화전함 유리가 깨져 있고, 그 안에 소화기가 보인다.",,,,꺼내 챙긴다,FALSE,,G045-02,,무거워서 둔다,FALSE,,G045-03,,,,,
G045-02,WPN004,"소화기를 챙긴다. 불 끌 때도, 급할 땐 확 뿌려 시야를 가릴 때도 쓰겠지.",,,,소화기를 챙긴다,TRUE,,Done,,,,,,,,,,
G045-03,,들고 다니기엔 너무 무겁다. 둔다.,,,,Empty,FALSE,,Done,,,,,,,,,,
G046-01,,검도부 부실. 죽도가 벽에 줄지어 걸려 있다.,,,,손에 맞는 걸로 하나 챙긴다,FALSE,,G046-02,,둔다,FALSE,,G046-03,,,,,
G046-02,WPN005,가볍고 긴 죽도. 휘둘러보니 제법 손에 붙는다.,,,,죽도를 챙긴다,TRUE,,Done,,,,,,,,,,
G046-03,,둔다.,,,,Empty,FALSE,,Done,,,,,,,,,,
G047-01,,청소도구함에 대걸레가 꽂혀 있다. 자루가 길고 단단해 보인다.,,,,걸레를 떼고 자루만 챙긴다,FALSE,,G047-02,,둔다,FALSE,,G047-03,,,,,
G047-02,WPN006,긴 자루 하나. 손이 닿지 않는 곳에 쓸모가 많겠다.,,,,대걸레 자루를 챙긴다,TRUE,,Done,,,,,,,,,,
G047-03,,둔다.,,,,Empty,FALSE,,Done,,,,,,,,,,
G048-01,,미술실 작업대에 대형 재단 가위가 놓여 있다.,,,,챙긴다,FALSE,,G048-02,,둔다,FALSE,,G048-03,,,,,
G048-02,WPN007,묵직한 가위. 웬만한 끈이나 그물쯤은 다 잘라버리겠다.,,,,큰 가위를 챙긴다,TRUE,,Done,,,,,,,,,,
G048-03,,둔다.,,,,Empty,FALSE,,Done,,,,,,,,,,
G049-01,,벽에 ‘비상시 유리를 깨시오’ 라벨이 붙은 함. 안에 비상도끼가 보인다.,,,,유리를 깨고 꺼낸다,FALSE,,G049-02,,지금은 둔다,FALSE,,G049-03,,,,,
G049-02,WPN008,"쨍— 유리를 깨고 도끼를 꺼낸다. 소리가 좀 났지만, 단단한 것도 부술 수 있겠다.",,,,비상도끼를 챙긴다,TRUE,,Done,,,,,,,,,,
G049-03,,요란한 짓은 나중에. 지금은 둔다.,,,,Empty,FALSE,,Done,,,,,,,,,,
G050-01,,"복도 한쪽에, 실험실에서 끌려 나온 듯한 쇠 스탠드 봉이 굴러다닌다.",,,,챙긴다,FALSE,,G050-02,,둔다,FALSE,,G050-03,,,,,
G050-02,WPN009,튼튼한 쇠봉. 무거운 걸 들어 올리는 지렛대로 딱이다.,,,,실험 스탠드 봉을 챙긴다,TRUE,,Done,,,,,,,,,,
G050-03,,둔다.,,,,Empty,FALSE,,Done,,,,,,,,,,
G051-01,,"사물함에서 락카 스프레이 캔이 나온다. 흔들어보니 아직 차 있다. 치익, 소리도 경쾌하다.",,,,챙긴다,FALSE,,G051-02,,둔다,FALSE,,G051-03,,,,,
G051-02,WPN010,"스프레이를 챙긴다. 길 표시용으로도, 급할 땐 확 뿌리는 용으로도 쓰겠지.",,,,락카 스프레이를 챙긴다,TRUE,,Done,,,,,,,,,,
G051-03,,둔다.,,,,Empty,FALSE,,Done,,,,,,,,,,
G052-01,,"묵직한 철제 보관함이 자물쇠로 잠겨 있다. 안에 뭔가 들어 있는 게 분명한데, 맨손으론 어림없다.",,,WPN001,야구배트로 자물쇠를 내려친다,FALSE,,G052-02,,방법이 없어 지나친다,FALSE,,G052-03,,,,,
G052-02,RES002,"깡! 깡! …쾅, 자물쇠가 부서진다. 소리가 컸다. 흠칫하지만, 안엔 캔음료가 굴러 나온다.",,,,캔음료를 챙긴다,TRUE,,Done,,,,,,,,,,
G052-03,,부술 도구가 없으면 못 연다. 아쉽지만 지나친다.,,,,Empty,FALSE,,Done,,,,,,,,,,
G053-01,,청테이프로 칭칭 감긴 상자. 손톱으론 도저히 안 뜯긴다.,,,WPN002,커터칼로 테이프를 가른다,FALSE,,G053-02,,포기한다,FALSE,,G053-03,,,,,
G053-02,RES007,쓱— 깔끔하게 갈린다. 안엔 누가 꼭꼭 숨겨둔 응급약 한 통.,,,,응급약을 챙긴다,TRUE,,Done,,,,,,,,,,
G053-03,,맨손으론 무리다. 포기한다.,,,,Empty,FALSE,,Done,,,,,,,,,,
G054-01,,사물함 문이 찌그러져 꽉 끼었다. 틈으로 안에 뭔가 보이는데.,,,WPN003,의자 다리를 끼워 지렛대로 연다,FALSE,,G054-02,,지나친다,FALSE,,G054-03,,,,,
G054-02,RES003,끼이익— 지렛대 원리로 비틀자 문이 벌어진다. 안엔 통조림 하나.,,,,통조림을 챙긴다,TRUE,,Done,,,,,,,,,,
G054-03,,맨손으론 안 된다. 지나친다.,,,,Empty,FALSE,,Done,,,,,,,,,,
G055-01,,좁은 통로 끝에 순찰 로봇이 떡 버티고 있다. 정면 돌파는 무리다.,,,WPN004,소화기를 확 분사해 시야를 가리고 지나친다,FALSE,,G055-02,,조용히 돌아간다,FALSE,,G055-03,,,,,
G055-02,,푸쉬익—! 새하얀 분말이 통로를 가득 메운다. 센서가 흐려진 틈에 미끄러지듯 빠져나간다. 심장이 쿵쾅댄다.,,,,Empty,FALSE,,Done,,,,,,,,,,
G055-03,,무리하지 말자. 빙 돌아간다.,,,,Empty,FALSE,,Done,,,,,,,,,,
G056-01,,높은 선반 위에 식량 봉지가 보인다. 까치발로도 손이 안 닿는다.,,,WPN005,죽도로 쳐서 떨어뜨린다,FALSE,,G056-02,,포기한다,FALSE,,G056-03,,,,,
G056-02,RES005,툭— 정확히 맞혀 떨어뜨린다. 라면이다. 명중.,,,,라면을 챙긴다,TRUE,,Done,,,,,,,,,,
G056-03,,아무리 뛰어도 안 닿는다. 포기.,,,,Empty,FALSE,,Done,,,,,,,,,,
G057-01,,자판기와 벽 사이 좁은 틈에 뭔가 떨어져 있다. 팔이 안 들어간다.,,,WPN006,대걸레 자루로 끌어낸다,FALSE,,G057-02,,포기한다,FALSE,,G057-03,,,,,
G057-02,RES004,자루로 살살 긁어 끌어낸다. 마개 멀쩡한 물병이다!,,,,물병을 챙긴다,TRUE,,Done,,,,,,,,,,
G057-03,,손도 못 넣겠다. 포기.,,,,Empty,FALSE,,Done,,,,,,,,,,
G058-01,,복도가 행사용 그물과 끈으로 어지럽게 막혀 있다.,,,WPN007,큰 가위로 싹둑싹둑 잘라낸다,FALSE,,G058-02,,억지로 비집고 지나간다,FALSE,,G058-03,,,,,
G058-02,RES006,그물을 잘라 길을 낸다. 걸려 있던 과자 봉지 하나가 툭 떨어진다. 덤이다.,,,,과자를 챙긴다,TRUE,,Done,,,,,,,,,,
G058-03,,억지로 비집다 끈에 쓸려 팔이 까졌다. 겨우 빠져나온다.,hp,-2,,Empty,FALSE,,Done,,,,,,,,,,
G059-01,,어떤 문이 두꺼운 판자로 단단히 막혀 있다. 손으론 어림도 없다.,,,WPN008,비상도끼로 판자를 부순다,FALSE,,G059-02,,지나친다,FALSE,,G059-03,,,,,
G059-02,RES003,"쾅! 쾅! 판자가 쪼개진다. 소리가 크게 울렸지만 — 안엔 손 안 탄 보급품, 통조림이 있다.",,,,통조림을 챙긴다,TRUE,,Done,,,,,,,,,,
G059-03,,부술 도구가 없으면 못 연다. 지나친다.,,,,Empty,FALSE,,Done,,,,,,,,,,
G060-01,,"바닥 가까이 환풍구 격자 너머로 좁은 통로가 보인다. 순찰이 닿지 않는 지름길 같은데, 격자가 단단히 박혀 있다.",,,WPN009,스탠드 봉을 끼워 격자를 들어낸다,FALSE,,G060-02,,지나친다,FALSE,,G060-03,,,,,
G060-02,RES006,봉을 지렛대 삼아 격자를 들어낸다. 안쪽은 조용한 지름길. 누가 숨겨둔 과자 한 봉지까지 있다.,,,,과자를 챙긴다,TRUE,,Done,,,,,,,,,,
G060-03,,맨손으론 격자를 못 뜯는다. 지나친다.,,,,Empty,FALSE,,Done,,,,,,,,,,
G061-01,,통로 위 센서 등이 끈질기게 이쪽을 훑는다. 지나가려면 저걸 어떻게든 해야 한다.,,,WPN010,락카 스프레이를 센서 렌즈에 뿌린다,FALSE,,G061-02,,타이밍 봐서 지나간다,FALSE,,G061-03,,,,,
G061-02,,치익— 렌즈가 새빨갛게 뒤덮인다. 센서가 잠깐 먹통이 된 틈에 유유히 지나친다.,,,,Empty,FALSE,,Done,,,,,,,,,,
G061-03,,타이밍을 재다 한 번 걸릴 뻔했다. 급히 굴러 피한다.,hp,-2,,Empty,FALSE,,Done,,,,,,,,,,
B001-01,,복도 위로 정찰 드론 한 기가 윙윙 떠다닌다. 아직 날 못 봤다.,,,,책상 밑에 숨는다,FALSE,,B001-02,무기,무기로 후려친다,FALSE,,B001-03,RES003,통조림을 멀리 던져 유인하고 도망친다,FALSE,,B001-04
B001-02,,책상 밑으로 미끄러져 들어간다. 드론이 잠시 맴돌다 다른 쪽으로 날아간다. 무사하다. 숨죽이느라 식은땀이 흥건하다.,목마름,-12,,Empty,FALSE,,Done,,,,,,,,,,
B001-03,TOO005,무기를 힘껏 휘둘러 드론을 쳐 떨군다. 쨍그랑! 소리는 났지만 박살 났다. 잔해에서 멀쩡한 배터리를 줍는다.,hp,-3,,배터리를 챙긴다,TRUE,,Done,,,,,,,,,,
B001-04,,통조림을 복도 저쪽으로 던진다. 깡— 소리에 드론이 그쪽으로 향한다. 그 틈에 반대로 빠져나간다. 숨죽이느라 식은땀이 흥건하다.,목마름,-12,,Empty,FALSE,,Done,,,,,,,,,,
B002-01,,모퉁이 너머 순찰병 로봇이 천천히 다가온다. 사람 형상의 금속 덩어리.,,,,숨죽이고 벽에 붙는다,FALSE,,B002-02,무기,무기를 들고 맞선다,FALSE,,B002-03,RES002,캔음료를 굴려 소리로 유인한다,FALSE,,B002-04
B002-02,,숨을 멈춘다. 로봇이 바로 앞을 지나… 그대로 멀어진다. 살았다. 숨죽이느라 식은땀이 흥건하다.,목마름,-12,,Empty,FALSE,,Done,,,,,,,,,,
B002-03,,"무기를 휘둘러 가까스로 관절을 망가뜨린다. 녀석이 비틀거리며 물러난다. 격퇴했지만, 나도 몇 대 맞았다. 소리도 크게 났다.",hp,-5,,Empty,FALSE,,Done,,,,,,,,,,
B002-04,,캔을 복도 끝으로 굴린다. 데구르르— 소리에 로봇이 그쪽으로 돈다. 그 사이 반대로 빠진다. 숨죽이느라 식은땀이 흥건하다.,목마름,-12,,Empty,FALSE,,Done,,,,,,,,,,
B003-01,,"복도 전체가 쿵, 쿵 울린다. 사람 키 두 배는 되는 중무장 로봇. 저런 건 절대 정면으로 못 이긴다.",,,,숨죽이고 벽에 붙는다,FALSE,,B003-02,TOO003,화학약품으로 연막을 터뜨리고 도망친다,FALSE,,B003-03,무기,무기를 들고 맞선다,FALSE,,B003-04
B003-02,,기둥 뒤에 납작 붙는다. 묵직한 발소리가 코앞까지 왔다가… 천천히 멀어진다. 식은땀이 등을 적신다.,목마름,-12,,Empty,FALSE,,Done,,,,,,,,,,
B003-03,,"연막을 터뜨린다. 흰 연기 속에서 녀석이 잠깐 멈칫하는 사이, 전속력으로 내뺀다. 숨죽이느라 식은땀이 흥건하다.",목마름,-12,,Empty,FALSE,,Done,,,,,,,,,,
B004-01,,공기가 다르다. 다른 로봇들과 격이 다른 — 학교 경비 지휘관이다. 마주치면 끝장이다.,,,,숨을 죽이고 그늘에 숨는다,FALSE,,B004-02,WPN004,소화기를 분사해 시야를 가리고 도망친다,FALSE,,B004-03,무기,무기를 들고 맞선다,FALSE,,B004-05
B004-02,,그늘 깊숙이 몸을 욱여넣는다. 붉은 시선이 한 번 훑고 지나간다. …지나갔다. 숨이 막힐 뻔했다. 숨죽이느라 식은땀이 흥건하다.,목마름,-12,,Empty,FALSE,,Done,,,,,,,,,,
B004-03,,소화기를 확 뿌린다. 새하얀 분말 속으로 몸을 던진다. 지휘관이 멈칫하는 순간이 유일한 기회였다. 숨죽이느라 식은땀이 흥건하다.,목마름,-12,,Empty,FALSE,,Done,,,,,,,,,,
B004-04,,연막을 터뜨리고 그 속으로 사라진다. 심장이 터질 것 같다.,,,,Empty,FALSE,,Done,,,,,,,,,,
B005-01,,드론 두 기가 복도를 X자로 교차하며 순찰한다. 빈틈이 좁다.,,,,타이밍 재서 숨는다,FALSE,,B005-02,무기,무기로 맞선다,FALSE,,B005-03,WPN010,락카를 한 기 센서에 뿌리고 도망친다,FALSE,,B005-04
B005-02,,교차하는 찰나의 빈틈으로 몸을 숨긴다. 둘 다 날 놓치고 지나간다. 숨죽이느라 식은땀이 흥건하다.,목마름,-12,,Empty,FALSE,,Done,,,,,,,,,,
B005-03,,"한 기는 쳐서 떨궜지만, 다른 한 기에 들켜 경고음이 울린다. 간신히 둘 다 따돌렸지만 만신창이다.",hp,-5,,Empty,FALSE,,Done,,,,,,,,,,
B005-04,,한 기의 센서에 락카를 뿌려 먹통으로 만든다. 시야가 엇갈린 틈에 빠져나간다. 숨죽이느라 식은땀이 흥건하다.,목마름,-12,,Empty,FALSE,,Done,,,,,,,,,,
B006-01,,로봇 한 기가 복도 한가운데 멈춰 있다. 센서 불이 꺼진 — 대기모드다. 지금이라면.,,,,살금살금 지나간다,FALSE,,B006-02,무기,무기로 기습한다,FALSE,,B006-03,,조용히 다른 길로 우회한다,FALSE,,B006-04
B006-02,,숨도 안 쉬고 옆을 지난다. 다행히 깨어나지 않는다. 숨죽이느라 식은땀이 흥건하다.,목마름,-12,,Empty,FALSE,,Done,,,,,,,,,,
B006-03,TOO005,대기모드인 틈을 노려 급소를 내려친다. 깨어나기도 전에 작동을 멈춘다. 안쪽에서 배터리를 꺼낸다.,hp,-2,,배터리를 챙긴다,TRUE,,Done,,,,,,,,,,
B006-04,,괜히 건드릴 것 없지. 멀찍이 돌아간다. 숨죽이느라 식은땀이 흥건하다.,목마름,-12,,Empty,FALSE,,Done,,,,,,,,,,
B007-01,,좁은 통로에서 드론과 딱 마주쳤다. 숨을 곳이 마땅찮다.,,,,바닥에 납작 엎드린다,FALSE,,B007-02,WPN008,비상도끼로 내려친다,FALSE,,B007-03,WPN004,소화기를 분사하고 도망친다,FALSE,,B007-04
B007-02,,바닥에 바짝 엎드려 숨을 죽인다. 드론이 머리 위를 스쳐… 지나간다. 운이 좋았다. 숨죽이느라 식은땀이 흥건하다.,목마름,-12,,Empty,FALSE,,Done,,,,,,,,,,
B007-03,TOO005,도끼를 내리찍자 드론이 단번에 두 동강 난다. 묵직한 한 방. 잔해에서 배터리를 줍는다.,hp,-2,,배터리를 챙긴다,TRUE,,Done,,,,,,,,,,
B007-04,,소화기를 좁은 통로에 확 뿌린다. 분말이 가득 찬 틈에 빠져나간다. 숨죽이느라 식은땀이 흥건하다.,목마름,-12,,Empty,FALSE,,Done,,,,,,,,,,
B008-01,,들켰다! 등 뒤에서 경고음과 함께 로봇이 쫓아온다. 발소리가 점점 가까워진다.,,,,모퉁이를 돌아 따돌린다,FALSE,,B008-02,무기,돌아서서 일격을 노린다,FALSE,,B008-03,TOO005,배터리를 통로에 던져 전자 미끼로 유인한다,FALSE,,B008-04
B008-02,,모퉁이를 연달아 꺾으며 동선을 흐트러뜨린다. 한참을 달린 끝에 발소리가 사라진다. 숨이 턱까지 찼다. 숨죽이느라 식은땀이 흥건하다.,목마름,-12,,Empty,FALSE,,Done,,,,,,,,,,
B008-03,,돌아서서 무기를 휘두른다. 운 좋게 급소에 들어가 녀석이 멈춘다. 하지만 그 전에 호되게 당했다.,hp,-6,,Empty,FALSE,,Done,,,,,,,,,,
B008-04,,배터리를 복도에 휙 던진다. 로봇이 전자 신호를 쫓아 방향을 튼다. 그 틈에 반대로 사라진다. 숨죽이느라 식은땀이 흥건하다.,목마름,-12,,Empty,FALSE,,Done,,,,,,,,,,
B009-01,,천장에 거미처럼 들러붙은 소형 로봇이 다리를 꿈틀댄다. 아직 이쪽을 못 봤다.,,,,벽에 붙어 지나간다,FALSE,,B009-02,무기,쳐서 떨어뜨려 부순다,FALSE,,B009-03,WPN010,락카를 뿌려 시야를 막고 지나간다,FALSE,,B009-04
B009-02,,벽에 바짝 붙어 그 아래를 지난다. 녀석은 천장만 살피느라 날 못 본다. 숨죽이느라 식은땀이 흥건하다.,목마름,-12,,Empty,FALSE,,Done,,,,,,,,,,
B009-03,TOO005,무기로 쳐서 바닥에 떨군 뒤 한 번 더. 다리를 버둥대다 멈춘다. 코어에서 배터리를 빼낸다.,hp,-3,,배터리를 챙긴다,TRUE,,Done,,,,,,,,,,
B009-04,,천장을 향해 락카를 뿌린다. 센서가 뿌예진 틈에 유유히 지나간다. 숨죽이느라 식은땀이 흥건하다.,목마름,-12,,Empty,FALSE,,Done,,,,,,,,,,
B010-01,,날렵한 인간형 로봇이다. 보통 순찰병보다 동작이 빠르다. 어설프게 도망치면 따라잡힌다.,,,,숨어서 지나가길 기다린다,FALSE,,B010-02,WPN001,야구배트로 관절을 노려 후려친다,FALSE,,B010-03,RES003,통조림을 던져 유인한다,FALSE,,B010-04
B010-02,,빠른 만큼 한 곳에 오래 머물지 않는다. 숨어 기다리니 금세 시야 밖으로 사라진다. 숨죽이느라 식은땀이 흥건하다.,목마름,-12,,Empty,FALSE,,Done,,,,,,,,,,
B010-03,,배트로 무릎 관절을 정확히 가격한다. 균형을 잃고 고꾸라진 사이 거리를 벌린다. 둔기가 제대로 먹혔다.,hp,-4,,Empty,FALSE,,Done,,,,,,,,,,
B010-04,,통조림을 멀리 던진다. 빠른 녀석이 소리를 쫓아 쏜살같이 달려간다. 반대로 빠진다. 숨죽이느라 식은땀이 흥건하다.,목마름,-12,,Empty,FALSE,,Done,,,,,,,,,,
B011-01,,높이 떠서 정찰하는 비행 드론. 손이 안 닿는 높이라 어지간한 무기로는 무리다.,,,,처마 밑에 숨는다,FALSE,,B011-02,WPN005,긴 죽도로 쳐서 떨군다,FALSE,,B011-03,WPN010,락카를 위로 뿌려 시야를 가린다,FALSE,,B011-04
B011-02,,처마 그늘에 몸을 숨긴다. 드론이 위에서 한 바퀴 돌다 멀어진다. 숨죽이느라 식은땀이 흥건하다.,목마름,-12,,Empty,FALSE,,Done,,,,,,,,,,
B011-03,TOO005,긴 죽도를 뻗어 드론을 후려친다. 높이 닿는 건 이것뿐이지. 드론이 빙글 돌며 추락한다. 배터리를 줍는다.,hp,-2,,배터리를 챙긴다,TRUE,,Done,,,,,,,,,,
B011-04,,위를 향해 락카를 길게 뿌린다. 안개 같은 입자에 드론 센서가 흐려진 틈에 빠진다.,,,,Empty,FALSE,,Done,,,,,,,,,,
B012-01,,"가려는 길목, 문 앞에 보초 로봇이 버티고 서 있다. 비켜줄 생각이 없어 보인다.",,,,숨어서 교대 타이밍을 기다린다,FALSE,,B012-02,무기,무기로 맞붙는다,FALSE,,B012-03,RES002,캔음료를 굴려 유인한다,FALSE,,B012-04
B012-02,,한참을 기다리니 보초가 순찰을 돌러 잠깐 자리를 비운다. 그 틈에 문을 통과한다. 숨죽이느라 식은땀이 흥건하다.,목마름,-12,,Empty,FALSE,,Done,,,,,,,,,,
B012-03,,정면으로 맞붙어 가까스로 밀어낸다. 길은 텄지만 온몸이 욱신거리고 소음도 컸다.,hp,-5,,Empty,FALSE,,Done,,,,,,,,,,
B012-04,,캔을 옆 복도로 굴린다. 보초가 소리를 확인하러 자리를 뜬 사이 문으로 빠진다. 숨죽이느라 식은땀이 흥건하다.,목마름,-12,,Empty,FALSE,,Done,,,,,,,,,,
B013-01,,중무장 로봇 두 기가 나란히 복도를 틀어막고 순찰한다. 정면은 죽음이다.,,,,틈을 노려 숨는다,FALSE,,B013-02,TOO003,화학약품 연막을 치고 도망친다,FALSE,,B013-03,무기,무기를 들고 맞선다,FALSE,,B013-04
B013-02,,"두 기가 동시에 등을 보이는 찰나, 옆 교실로 미끄러져 들어간다. 아슬아슬했다. 숨죽이느라 식은땀이 흥건하다.",목마름,-12,,Empty,FALSE,,Done,,,,,,,,,,
B013-03,,연막을 두 기 사이에 터뜨린다. 시야가 막힌 틈을 비집고 빠져나간다. 숨죽이느라 식은땀이 흥건하다.,목마름,-12,,Empty,FALSE,,Done,,,,,,,,,,
B014-01,,로봇 한 기가 스파크를 튀기며 비틀거린다. 어디서 당했는지 거의 고장 직전이다.,,,,그냥 지나친다,FALSE,,B014-02,무기,무기로 마무리 일격을 가한다,FALSE,,B014-03,,가까이서 살펴본다,FALSE,,B014-04
B014-02,,건드릴 것 없이 비실대는 옆을 조용히 지나친다. 숨죽이느라 식은땀이 흥건하다.,목마름,-12,,Empty,FALSE,,Done,,,,,,,,,,
B014-03,TOO005,비틀대는 녀석에게 마무리 일격. 가볍게 작동을 멈춘다. 손쉽게 배터리를 회수한다.,hp,-1,,배터리를 챙긴다,TRUE,,Done,,,,,,,,,,
B014-04,,"호기심에 가까이 다가가 살피는 순간, 녀석이 마지막 발악으로 팔을 휘두른다! 황급히 물러나며 긁힌다.",hp,-3,,Empty,FALSE,,Done,,,,,,,,,,
B015-01,,경비 지휘관이 드론 호위를 거느리고 순찰한다. 최악의 조합이다. 절대 들켜선 안 된다.,,,,숨조차 죽이고 숨는다,FALSE,,B015-02,WPN004,소화기를 뿌리고 활로를 뚫는다,FALSE,,B015-03,무기,무기를 들고 맞선다,FALSE,,B015-05
B015-02,,호흡까지 멈춘 채 그늘에 녹아든다. 행렬이 영원처럼 길게 지나간다. …통과. 숨죽이느라 식은땀이 흥건하다.,목마름,-12,,Empty,FALSE,,Done,,,,,,,,,,
B015-03,,소화기를 정면으로 분사해 시야를 통째로 지운다. 그 틈을 비집고 빠져나간다. 미친 짓이었지만 살았다. 숨죽이느라 식은땀이 흥건하다.,목마름,-12,,Empty,FALSE,,Done,,,,,,,,,,
B015-04,,"연막을 터뜨리고 그 속으로 사라진다. 등 뒤로 경고음이 울리지만, 이미 늦었다.",,,,Empty,FALSE,,Done,,,,,,,,,,
B016-01,,"모퉁이를 도는 순간, 매복하듯 멈춰 있던 드론과 코앞에서 마주친다!",,,,급히 후진해 숨는다,FALSE,,B016-02,무기,반사적으로 무기를 휘두른다,FALSE,,B016-03,TOO005,배터리를 던져 미끼로 유인한다,FALSE,,B016-04
B016-02,,반사적으로 뒷걸음쳐 모퉁이 뒤로 숨는다. 드론이 잠깐 두리번대다 제자리로 돌아간다. 숨죽이느라 식은땀이 흥건하다.,목마름,-12,,Empty,FALSE,,Done,,,,,,,,,,
B016-03,TOO005,놀란 김에 휘두른 무기가 운 좋게 드론을 후려친다. 박살. 잔해에서 배터리를 줍는다.,hp,-3,,배터리를 챙긴다,TRUE,,Done,,,,,,,,,,
B016-04,,배터리를 옆으로 휙 던진다. 드론이 신호를 쫓아 방향을 트는 사이 빠진다. 숨죽이느라 식은땀이 흥건하다.,목마름,-12,,Empty,FALSE,,Done,,,,,,,,,,
B017-01,,인간형 로봇이 등을 보인 채 정지해 있다. 충전 중인가. 기습할 절호의 기회다.,,,,조용히 등 뒤를 지나간다,FALSE,,B017-02,WPN008,비상도끼로 뒤에서 일격을 가한다,FALSE,,B017-03,,멀리 우회한다,FALSE,,B017-04
B017-02,,발소리를 죽이고 등 뒤를 지난다. 녀석은 미동도 없다. 숨죽이느라 식은땀이 흥건하다.,목마름,-12,,Empty,FALSE,,Done,,,,,,,,,,
B017-03,,도끼를 양손으로 들어 등 뒤 코어를 내려찍는다. 단 한 번에 작동이 멈춘다. 묵직한 손맛.,hp,-3,,Empty,FALSE,,Done,,,,,,,,,,
B017-04,,괜한 모험은 하지 말자. 크게 돌아 우회한다. 숨죽이느라 식은땀이 흥건하다.,목마름,-12,,Empty,FALSE,,Done,,,,,,,,,,
B018-01,,드론 세 기가 떼 지어 복도를 훑는다. 한 기라도 건드리면 셋 다 달려든다. 싸움은 무리다.,,,,책상 더미 속에 숨는다,FALSE,,B018-02,TOO003,화학약품 연막으로 떼를 흩고 도망친다,FALSE,,B018-03,무기,무기를 들고 떼에 맞선다,FALSE,,B018-05
B018-02,,책상 더미 깊숙이 몸을 욱여넣는다. 세 기가 머리 위를 한 바퀴 돌다 멀어진다. 숨죽이느라 식은땀이 흥건하다.,목마름,-12,,Empty,FALSE,,Done,,,,,,,,,,
B018-03,,연막을 한가운데 터뜨린다. 떼가 우왕좌왕하는 사이 전속력으로 빠진다. 숨죽이느라 식은땀이 흥건하다.,목마름,-12,,Empty,FALSE,,Done,,,,,,,,,,
B018-04,,선두 드론 센서에 락카를 뿌려 대열을 무너뜨린다. 엇갈린 틈을 비집고 도망친다.,hp,-2,,Empty,FALSE,,Done,,,,,,,,,,
B019-01,,바닥을 미는 청소형 로봇이다. 약해 보이지만 — 건드리면 경보를 울린다는 게 문제다.,,,,들키지 않게 피해 간다,FALSE,,B019-02,무기,조용히 다가가 단번에 부순다,FALSE,,B019-03,RES002,캔음료를 굴려 다른 데로 유인한다,FALSE,,B019-04
B019-02,,청소 동선을 피해 발끝으로 지나간다. 경보는 울리지 않는다. 숨죽이느라 식은땀이 흥건하다.,목마름,-12,,Empty,FALSE,,Done,,,,,,,,,,
B019-03,,경보를 울리기 전에 단번에 내려쳐 입을 막는다. 약한 놈이라 한 방이면 충분하다. 다만 작은 소음은 났다.,hp,-2,,Empty,FALSE,,Done,,,,,,,,,,
B019-04,,캔을 반대편으로 굴린다. 청소 로봇이 그 소리를 따라가는 사이 빠진다. 숨죽이느라 식은땀이 흥건하다.,목마름,-12,,Empty,FALSE,,Done,,,,,,,,,,
B020-01,,"막다른 복도. 뒤에선 중무장 로봇이 다가오고, 앞은 벽이다. 이번엔 정말 선택지가 없다.",,,,숨을 곳을 필사적으로 찾는다,FALSE,,B020-02,WPN008,비상도끼를 들고 죽기 살기로 맞선다,FALSE,,B020-03,TOO003,마지막 화학약품으로 활로를 연다,FALSE,,B020-04
B020-02,,"청소함 안으로 몸을 구겨 넣는다. 문틈으로 묵직한 그림자가 지나간다… 심장이 멎는 줄 알았다. 간신히, 살았다. 숨죽이느라 식은땀이 흥건하다.",목마름,-12,,Empty,FALSE,,Done,,,,,,,,,,
B020-03,,"도끼를 들고 달려든다. 관절을, 센서를, 닥치는 대로. 끝내 녀석이 무릎 꿇지만 — 나도 거의 다 부서졌다.",hp,-7,,Empty,FALSE,,Done,,,,,,,,,,
B020-04,,"남은 화학약품을 전부 터뜨린다. 짙은 연막 속, 벽을 더듬어 빠져나갈 틈을 찾아낸다. 마지막 한 수였다. 숨죽이느라 식은땀이 흥건하다.",목마름,-12,,Empty,FALSE,,Done,,,,,,,,,,
B003-04,,"녀석이 거대한 팔을 들어올린다. 이대로 맞붙으면 끝장이다 — 단 하나, 제대로 부술 도구가 있다면 모를까.",,,WPN008,비상도끼로 급소를 노려 죽기 살기로 친다,FALSE,,B003-05,무기,그냥 가진 무기로 부딪친다,FALSE,,B003-06,,,,,
B003-05,,"도끼를 양손으로 코어에 내리찍는다. 한 번, 두 번… 녀석이 굉음을 내며 무너진다. 나도 거의 다 부서졌지만, 살아남았다.",hp,-7,,Empty,FALSE,,Done,,,,,,,,,,
B003-06,,"가벼운 무기론 흠집도 잘 안 난다. 그래도 죽기 살기로 몇 대 비집어 넣고, 녀석이 비틀대는 틈에 만신창이가 되어 굴러 빠져나온다. …다신 안 해.",hp,-62,,Empty,FALSE,,Done,,,,,,,,,,
B004-05,,"지휘관에게 무기를 든다. 압도적인 힘에 한순간 나가떨어진다 — 그래도 죽기 살기로 한 번 비집고 그늘로 몸을 던진다. 거의 다 부서졌지만, 숨은 붙어 있다.",hp,-78,,Empty,FALSE,,Done,,,,,,,,,,
B013-04,,두 기를 동시에 상대하는 건 미친 짓이다. 한 기에 시선을 뺏긴 사이 다른 한 기의 팔이 등을 강타한다 — 으악! 그래도 이를 악물고 책상 너머로 굴러 빠져나온다. 만신창이지만 살았다. 두 번은 못 할 짓.,hp,-52,,Empty,FALSE,,Done,,,,,,,,,,
B015-05,,지휘관에 호위 드론까지. 사방에서 빛이 쏟아진다. 정신없이 얻어맞으며 죽기 살기로 비상구로 몸을 던진다. 만신창이지만 — 살아남았다.,hp,-78,,Empty,FALSE,,Done,,,,,,,,,,
B018-05,,한 기를 떨군 순간 나머지 둘이 일제히 달려든다. 벌떼처럼 몰아치는 공격에 사정없이 얻어맞으며 비상계단으로 몸을 던진다. 가까스로 따돌렸다. 성한 데가 없지만 — 숨은 붙어 있다.,hp,-52,,Empty,FALSE,,Done,,,,,,,,,,
U001-01,,복도 사물함 하나가 반쯤 열려 있다. 안쪽에 뭔가 들어 있는 것 같은데.,,,,뒤져본다,FALSE,,U001-02,,그냥 지나친다,FALSE,,U001-03,,,,,
U001-02,BAG001,"사물함 안에 작은 보조가방이 처박혀 있다. 지금 빈손이나 다름없는데, 이거라도 메면 한결 낫겠다. 바꾸자.",,,,작은가방을 챙겨 멘다,TRUE,,Done,,,,,,,,,,
U001-03,,별거 없겠지. 그냥 지나친다.,,,,Empty,FALSE,,Done,,,,,,,,,,
U002-01,BAG002,교실 의자에 책가방 하나가 멀쩡하게 걸려 있다. 지금 쓰는 것보다 훨씬 크고 튼튼해 보인다. 이걸로 바꾸자.,,,,책가방으로 바꿔 멘다,TRUE,,Done,,,,,,,,,,
U003-01,,교무실 책상 아래 캐비닛이 살짝 열려 있다. 안쪽에 뭔가 보인다.,,,,뒤져본다,FALSE,,U003-02,,그냥 지나친다,FALSE,,U003-03,,,,,
U003-02,BAG003,캐비닛 안에 가죽 서류가방이 들어 있다. 칸도 많고 단단하다. 지금 메고 있는 것보다 훨씬 낫겠는데. 바꾸자.,,,,서류가방으로 바꾼다,TRUE,,Done,,,,,,,,,,
U003-03,,굳이 뒤질 것 없지. 그냥 지나친다.,,,,Empty,FALSE,,Done,,,,,,,,,,
U004-01,BAG004,복도 구석에 누가 끌고 가다 둔 여행용 캐리어가 서 있다. 이만한 수납이면 더 바랄 게 없다. 바퀴도 멀쩡하네. 이걸로 바꾸자.,,,,캐리어로 바꾼다,TRUE,,Done,,,,,,,,,,